DateID,RegionID,AverageTemperature,Humidity,WindSpeed,Rainfall,SunshineHours
1,1,21,98,5,2,0
1,2,35,19,27,7,18
1,3,13,82,0,6,4
1,4,27,69,18,5,1
1,5,2,16,30,9,1
2,1,5,80,4,4,5
2,2,39,79,20,0,3
2,3,5,76,0,6,10
2,4,21,22,12,2,19
2,5,33,34,20,0,7
3,1,38,21,9,1,9
3,2,8,54,26,9,17
3,3,0,100,28,9,24
3,4,33,41,9,3,16
3,5,-6,20,1,10,14
4,1,35,43,16,0,17
4,2,38,75,15,0,11
4,3,21,22,27,5,19
4,4,-3,54,3,4,0
4,5,36,38,24,4,4
5,1,5,69,24,9,2
5,2,14,72,17,8,17
5,3,16,17,8,4,16
5,4,-10,69,25,8,3
5,5,30,91,27,8,19
6,1,-2,69,16,7,2
6,2,34,37,27,9,18
6,3,21,64,7,2,15
6,4,-6,69,1,8,20
6,5,16,77,2,0,13
7,1,13,40,2,2,8
7,2,-7,69,23,0,8
7,3,6,40,6,3,15
7,4,24,98,9,8,12
7,5,30,18,23,9,11
8,1,-3,48,10,6,14
8,2,28,2,8,9,17
8,3,14,10,15,6,0
8,4,-8,25,5,6,8
8,5,4,17,24,8,3
9,1,29,49,1,3,17
9,2,12,5,28,2,16
9,3,24,85,5,4,22
9,4,11,26,20,6,19
9,5,5,11,7,9,22
10,1,-7,78,2,2,23
10,2,34,92,2,10,20
10,3,27,17,5,6,6
10,4,5,1,12,3,12
10,5,21,31,27,1,12
11,1,21,41,18,2,22
11,2,-3,37,14,0,16
11,3,22,70,17,0,12
11,4,33,95,18,4,16
11,5,-2,43,26,10,2
12,1,-9,91,7,7,7
12,2,6,45,20,10,4
12,3,37,22,11,4,16
12,4,0,17,17,4,17
12,5,-5,59,5,0,8
13,1,21,97,17,4,20
13,2,11,12,2,6,15
13,3,5,93,16,4,3
13,4,0,72,13,0,15
13,5,14,39,2,2,22
14,1,-9,79,7,6,7
14,2,31,82,4,2,9
14,3,19,85,19,0,8
14,4,18,11,13,2,1
14,5,14,98,24,8,12
15,1,27,50,10,1,8
15,2,-5,54,21,4,21
15,3,25,84,9,8,0
15,4,-6,65,19,5,23
15,5,20,23,20,6,12
16,1,20,23,6,2,14
16,2,22,91,21,10,0
16,3,27,81,0,0,8
16,4,20,71,17,4,7
16,5,22,88,14,4,7
17,1,36,18,23,10,6
17,2,31,27,8,4,0
17,3,11,42,2,6,5
17,4,39,66,15,4,4
17,5,-10,70,10,9,21
18,1,12,5,30,6,17
18,2,-1,26,11,5,9
18,3,36,81,26,2,0
18,4,-2,63,23,4,24
18,5,-5,13,16,10,16
19,1,12,88,24,3,20
19,2,40,4,30,3,13
19,3,35,52,27,8,1
19,4,14,65,4,10,14
19,5,2,53,1,3,17
20,1,14,29,12,3,9
20,2,-8,82,24,3,3
20,3,12,26,30,8,0
20,4,8,43,7,10,12
20,5,36,92,3,10,24
21,1,14,46,13,3,15
21,2,-3,33,23,8,22
21,3,6,37,25,6,9
21,4,38,9,15,2,18
21,5,7,100,4,8,22
22,1,5,60,18,7,12
22,2,29,29,30,2,2
22,3,-6,31,19,3,1
22,4,38,38,27,9,24
22,5,0,22,8,6,22
23,1,36,64,12,10,17
23,2,4,25,11,1,21
23,3,27,46,1,1,23
23,4,22,58,21,4,2
23,5,30,98,9,1,21
24,1,27,90,2,5,23
24,2,-5,84,17,5,4
24,3,-9,54,13,0,19
24,4,12,28,14,9,12
24,5,40,22,11,1,24
25,1,-6,48,18,0,3
25,2,19,72,1,3,14
25,3,40,7,6,6,8
25,4,7,54,14,4,7
25,5,-3,95,4,9,11
26,1,-1,4,11,10,0
26,2,34,30,22,0,12
26,3,-1,87,21,3,4
26,4,4,44,14,6,8
26,5,16,74,24,6,18
27,1,10,74,20,9,0
27,2,14,94,18,6,17
27,3,18,85,5,1,2
27,4,10,20,21,3,4
27,5,19,59,14,1,15
28,1,31,37,14,3,10
28,2,7,50,23,2,20
28,3,27,51,7,7,5
28,4,20,62,25,8,15
28,5,33,85,23,7,10
29,1,39,32,18,8,20
29,2,-2,2,6,10,21
29,3,20,2,14,9,11
29,4,-7,78,19,7,23
29,5,-3,27,17,8,24
30,1,26,26,14,0,10
30,2,0,49,12,10,24
30,3,-4,68,28,0,15
30,4,4,31,10,3,2
30,5,7,14,13,7,21
31,1,11,88,21,7,19
31,2,32,53,2,3,7
31,3,9,98,10,3,1
31,4,2,71,27,1,10
31,5,38,39,29,1,15
32,1,22,20,8,10,8
32,2,21,39,5,2,11
32,3,36,57,2,9,5
32,4,0,6,1,4,12
32,5,-4,36,21,5,20
33,1,-10,53,0,1,2
33,2,-8,54,27,4,14
33,3,11,28,1,7,22
33,4,33,80,8,2,22
33,5,3,41,27,3,3
34,1,-5,33,26,7,11
34,2,-7,35,15,3,6
34,3,37,63,26,2,8
34,4,29,11,30,10,8
34,5,27,52,15,2,9
35,1,18,69,13,0,20
35,2,24,86,28,10,22
35,3,-4,55,18,0,11
35,4,31,11,11,8,17
35,5,36,17,25,9,18
36,1,17,14,20,1,21
36,2,32,94,6,6,13
36,3,5,4,15,9,8
36,4,31,83,17,7,1
36,5,-1,90,20,6,22
37,1,12,12,27,6,0
37,2,17,31,5,8,24
37,3,-3,69,27,5,4
37,4,29,17,26,8,4
37,5,16,7,23,8,20
38,1,22,0,24,7,12
38,2,26,61,1,3,24
38,3,31,87,23,4,13
38,4,31,15,26,9,3
38,5,3,70,21,3,20
39,1,29,72,28,9,9
39,2,40,5,20,1,3
39,3,29,35,26,6,22
39,4,32,42,3,10,21
39,5,40,83,15,6,15
40,1,0,24,6,10,24
40,2,39,72,7,0,11
40,3,-1,43,16,0,5
40,4,15,10,6,9,21
40,5,24,3,20,4,21
41,1,29,51,6,2,1
41,2,-6,55,12,8,17
41,3,19,57,10,6,0
41,4,1,6,23,7,0
41,5,2,8,22,8,18
42,1,29,36,6,1,16
42,2,-9,58,16,9,20
42,3,29,9,29,6,11
42,4,31,89,3,6,21
42,5,-1,95,22,2,24
43,1,0,92,0,2,2
43,2,33,60,19,1,3
43,3,-8,46,12,10,21
43,4,24,13,1,6,11
43,5,15,36,0,5,1
44,1,7,66,27,6,6
44,2,38,11,13,3,5
44,3,7,2,1,1,2
44,4,21,76,13,7,14
44,5,40,37,23,4,22
45,1,24,75,16,8,3
45,2,30,13,8,10,11
45,3,18,76,17,10,17
45,4,36,44,1,3,13
45,5,37,53,1,1,6
46,1,27,8,10,10,16
46,2,30,4,29,1,10
46,3,25,77,28,5,19
46,4,15,97,2,1,14
46,5,26,73,19,7,3
47,1,1,65,3,9,6
47,2,14,38,5,2,17
47,3,27,13,0,3,10
47,4,38,94,25,0,21
47,5,12,83,25,5,4
48,1,-10,38,6,4,15
48,2,-7,45,4,6,9
48,3,31,25,13,4,13
48,4,28,71,17,7,11
48,5,28,98,17,9,18
49,1,29,85,23,10,18
49,2,21,5,4,10,1
49,3,-9,9,22,0,14
49,4,30,53,7,8,7
49,5,25,78,12,3,15
50,1,13,87,17,10,10
50,2,32,20,26,9,16
50,3,17,15,10,0,8
50,4,-5,83,2,7,20
50,5,11,32,12,3,21
51,1,35,41,30,0,5
51,2,18,3,30,1,13
51,3,38,73,12,2,19
51,4,-5,88,18,0,16
51,5,3,54,5,9,10
52,1,6,89,27,2,9
52,2,28,51,17,10,0
52,3,16,56,20,0,21
52,4,0,29,4,9,3
52,5,10,94,16,10,22
53,1,39,17,28,2,18
53,2,-5,71,20,3,17
53,3,0,83,12,7,14
53,4,10,75,9,6,6
53,5,10,74,26,6,5
54,1,-3,23,12,9,4
54,2,3,34,7,10,4
54,3,20,47,22,1,8
54,4,35,52,14,10,16
54,5,-3,51,13,5,21
55,1,-5,37,26,1,20
55,2,27,95,11,1,11
55,3,-9,53,20,7,13
55,4,1,63,18,0,7
55,5,24,91,9,5,24
56,1,3,12,17,0,15
56,2,31,0,5,2,12
56,3,12,81,7,0,16
56,4,22,63,8,8,2
56,5,-5,84,30,7,14
57,1,33,0,6,3,2
57,2,-9,79,19,2,20
57,3,1,14,10,7,8
57,4,30,89,10,7,9
57,5,4,79,7,6,11
58,1,19,97,10,1,12
58,2,17,77,14,7,9
58,3,21,98,8,8,12
58,4,9,44,4,2,9
58,5,27,53,2,0,3
59,1,36,7,11,3,16
59,2,34,58,14,0,1
59,3,12,100,23,4,17
59,4,-5,20,11,4,20
59,5,6,55,25,8,0
60,1,14,75,22,4,7
60,2,36,63,20,4,19
60,3,36,91,4,9,2
60,4,4,85,28,7,13
60,5,24,49,3,0,19
61,1,8,62,19,10,19
61,2,17,59,7,3,14
61,3,40,20,20,5,24
61,4,12,16,2,0,0
61,5,-10,89,4,10,5
62,1,-6,43,29,8,24
62,2,1,73,17,7,4
62,3,-9,6,13,8,7
62,4,11,0,1,0,17
62,5,28,86,9,8,14
63,1,6,88,8,6,13
63,2,-1,67,28,5,19
63,3,3,52,16,7,4
63,4,29,37,23,10,3
63,5,-1,32,27,7,19
64,1,3,77,17,8,5
64,2,22,19,30,2,4
64,3,12,65,26,1,18
64,4,26,51,8,3,8
64,5,6,22,27,4,21
65,1,19,82,16,1,23
65,2,34,65,27,3,14
65,3,27,15,1,3,2
65,4,19,94,11,7,22
65,5,5,23,14,0,17
66,1,10,19,3,4,13
66,2,15,79,8,5,18
66,3,37,71,8,9,16
66,4,0,94,12,8,4
66,5,8,97,24,8,10
67,1,36,53,16,9,8
67,2,3,74,3,10,13
67,3,28,95,23,6,15
67,4,21,0,24,9,20
67,5,10,41,7,3,11
68,1,30,28,30,0,21
68,2,14,7,29,1,13
68,3,-4,22,29,9,14
68,4,37,74,2,0,8
68,5,30,22,28,0,12
69,1,-10,45,6,1,13
69,2,37,83,21,10,11
69,3,36,3,18,10,1
69,4,-2,28,10,3,0
69,5,-8,34,6,3,8
70,1,23,91,16,8,20
70,2,38,32,22,1,16
70,3,20,97,9,5,21
70,4,32,96,27,4,7
70,5,4,89,10,1,21
71,1,36,82,25,5,10
71,2,15,26,4,2,18
71,3,8,49,24,6,19
71,4,9,75,13,7,13
71,5,16,29,1,4,10
72,1,21,63,20,2,9
72,2,19,83,21,10,20
72,3,4,36,1,8,19
72,4,15,88,20,10,24
72,5,-2,28,5,4,15
73,1,8,30,13,8,19
73,2,-6,83,6,2,11
73,3,36,4,8,10,13
73,4,5,23,20,8,19
73,5,-7,26,9,6,2
74,1,28,82,6,5,15
74,2,12,38,25,5,23
74,3,34,33,5,9,14
74,4,20,75,17,9,17
74,5,12,35,29,4,12
75,1,-3,6,22,2,5
75,2,26,75,12,8,11
75,3,29,2,26,4,11
75,4,25,79,1,1,23
75,5,32,5,15,4,10
76,1,22,89,9,1,11
76,2,-10,78,23,0,24
76,3,18,30,15,2,7
76,4,-2,70,25,4,13
76,5,4,9,17,10,10
77,1,32,40,13,4,4
77,2,32,1,21,6,24
77,3,30,79,0,8,19
77,4,0,26,7,5,1
77,5,5,96,23,2,23
78,1,7,65,25,0,18
78,2,13,49,22,7,7
78,3,-7,96,27,2,15
78,4,7,81,1,0,1
78,5,0,19,16,5,23
79,1,18,9,29,5,17
79,2,25,75,4,5,17
79,3,35,49,29,2,11
79,4,26,4,27,4,6
79,5,33,72,5,0,5
80,1,8,28,21,1,4
80,2,35,95,5,1,12
80,3,24,100,25,7,7
80,4,4,68,11,7,5
80,5,31,10,23,9,14
81,1,-6,51,11,10,16
81,2,32,96,21,7,23
81,3,8,16,12,7,1
81,4,-10,8,20,7,16
81,5,30,25,14,9,7
82,1,28,64,17,0,9
82,2,6,93,10,5,4
82,3,12,52,7,0,1
82,4,24,12,19,3,1
82,5,9,18,11,8,15
83,1,15,83,0,9,6
83,2,18,73,1,2,8
83,3,13,48,1,8,16
83,4,-2,71,29,9,20
83,5,0,43,21,9,5
84,1,6,21,22,5,18
84,2,-2,25,1,3,20
84,3,27,69,26,0,11
84,4,21,1,17,0,15
84,5,7,82,7,0,9
85,1,34,67,26,1,1
85,2,32,48,21,6,9
85,3,-7,32,12,10,22
85,4,29,59,28,4,19
85,5,35,18,14,7,1
86,1,13,90,29,1,9
86,2,11,8,27,4,13
86,3,16,77,24,5,4
86,4,35,47,9,2,10
86,5,12,17,0,2,13
87,1,-4,55,28,8,3
87,2,-6,93,27,6,13
87,3,23,96,29,3,9
87,4,37,79,10,6,24
87,5,7,52,18,10,15
88,1,23,49,28,6,11
88,2,34,4,25,1,1
88,3,36,72,5,2,2
88,4,-9,50,27,3,22
88,5,-5,9,17,9,15
89,1,19,14,21,6,24
89,2,-4,5,0,9,13
89,3,18,7,29,4,17
89,4,28,84,21,1,24
89,5,21,23,5,3,23
90,1,40,63,10,3,14
90,2,13,93,13,1,20
90,3,21,54,30,6,17
90,4,-6,100,19,2,6
90,5,35,8,29,4,23
91,1,36,89,22,1,14
91,2,12,76,16,1,6
91,3,9,15,18,4,20
91,4,17,64,11,7,23
91,5,18,84,19,1,10
92,1,39,66,5,8,19
92,2,-4,20,24,2,21
92,3,27,87,21,3,3
92,4,-8,75,10,10,20
92,5,19,32,23,4,10
93,1,7,49,26,10,1
93,2,-8,74,14,10,0
93,3,31,23,29,3,3
93,4,28,36,16,6,8
93,5,31,16,28,1,17
94,1,-7,60,9,0,22
94,2,3,99,18,0,23
94,3,-8,7,26,2,2
94,4,37,82,4,2,4
94,5,-9,98,28,10,0
95,1,-3,24,7,1,19
95,2,19,94,18,5,19
95,3,12,83,22,8,11
95,4,30,58,23,6,9
95,5,6,97,12,10,22
96,1,9,54,22,3,1
96,2,13,44,0,5,21
96,3,31,90,15,8,7
96,4,10,50,26,6,6
96,5,2,69,12,3,12
97,1,38,30,5,5,5
97,2,21,63,1,1,14
97,3,13,25,24,1,4
97,4,16,49,11,7,21
97,5,4,31,6,5,20
98,1,37,68,10,2,20
98,2,-5,12,18,3,18
98,3,-8,16,22,2,13
98,4,33,19,5,10,2
98,5,11,18,18,2,9
99,1,29,92,4,5,14
99,2,4,5,21,7,15
99,3,18,33,16,10,24
99,4,1,50,10,3,5
99,5,8,69,25,7,18
100,1,0,10,5,1,19
100,2,-2,7,2,2,7
100,3,28,38,11,0,22
100,4,13,26,2,4,9
100,5,-1,17,8,5,4
101,1,32,83,2,5,0
101,2,27,78,19,7,9
101,3,23,51,23,9,12
101,4,15,23,12,10,6
101,5,30,1,4,3,12
102,1,32,87,24,7,19
102,2,12,36,11,2,5
102,3,20,28,23,1,23
102,4,6,13,16,2,23
102,5,13,30,1,7,15
103,1,29,0,16,0,18
103,2,11,83,9,0,2
103,3,18,71,6,5,15
103,4,38,59,12,10,0
103,5,1,68,23,4,23
104,1,29,36,24,5,11
104,2,35,67,16,0,3
104,3,38,93,18,2,20
104,4,23,52,17,0,0
104,5,0,34,23,1,22
105,1,-2,84,6,0,20
105,2,16,87,4,9,7
105,3,12,21,22,2,24
105,4,33,95,24,10,22
105,5,4,56,9,6,1
106,1,-7,49,23,5,19
106,2,36,18,2,4,4
106,3,28,65,27,7,21
106,4,37,85,21,5,17
106,5,36,42,1,0,21
107,1,31,37,21,8,4
107,2,29,30,18,9,19
107,3,10,96,13,9,3
107,4,-9,14,6,3,4
107,5,27,11,14,0,10
108,1,28,26,18,4,17
108,2,1,56,3,3,14
108,3,15,9,15,9,1
108,4,37,66,24,9,11
108,5,4,22,2,7,8
109,1,12,36,5,3,16
109,2,0,20,11,2,12
109,3,-2,71,20,0,2
109,4,26,7,24,5,4
109,5,32,22,29,3,12
110,1,-8,65,17,5,20
110,2,-2,91,14,8,11
110,3,5,55,6,10,22
110,4,12,24,21,10,13
110,5,4,45,23,5,17
111,1,4,10,30,3,13
111,2,3,27,23,0,11
111,3,23,74,19,5,19
111,4,-5,30,6,1,23
111,5,-3,76,6,8,14
112,1,25,72,2,1,6
112,2,-7,10,15,10,18
112,3,7,41,17,6,5
112,4,11,33,15,3,12
112,5,38,20,3,2,0
113,1,28,0,6,6,15
113,2,5,86,27,3,16
113,3,13,71,16,9,2
113,4,30,76,7,9,22
113,5,-6,64,8,6,13
114,1,34,27,18,10,12
114,2,35,67,7,5,16
114,3,27,84,14,8,15
114,4,8,42,28,0,9
114,5,3,77,30,10,8
115,1,19,69,27,7,14
115,2,30,33,14,1,0
115,3,18,23,6,8,11
115,4,23,66,29,10,23
115,5,15,70,0,8,12
116,1,2,12,27,2,9
116,2,19,21,15,7,20
116,3,23,33,16,7,15
116,4,40,24,19,7,3
116,5,2,50,14,8,18
117,1,22,43,8,0,2
117,2,12,59,20,2,5
117,3,-4,79,26,0,17
117,4,17,4,5,6,10
117,5,18,19,25,2,12
118,1,36,89,24,9,24
118,2,-1,95,8,9,18
118,3,14,15,20,10,12
118,4,12,21,14,4,15
118,5,18,37,18,5,10
119,1,7,93,19,0,17
119,2,2,57,12,10,23
119,3,0,88,1,9,7
119,4,-9,0,27,6,11
119,5,4,28,17,1,10
120,1,23,64,15,10,10
120,2,36,79,7,6,17
120,3,11,64,10,6,0
120,4,-7,76,5,0,16
120,5,24,84,11,7,17
121,1,30,96,2,6,2
121,2,31,4,25,0,16
121,3,-4,97,3,7,4
121,4,13,70,12,3,22
121,5,15,17,6,4,12
122,1,5,28,24,7,21
122,2,9,21,25,2,0
122,3,13,28,3,5,10
122,4,21,88,4,10,7
122,5,13,1,30,0,10
123,1,-5,3,17,9,11
123,2,34,65,3,7,23
123,3,27,94,30,2,9
123,4,14,57,14,1,12
123,5,-1,83,19,6,1
124,1,10,78,5,5,17
124,2,-10,59,26,4,5
124,3,-1,21,0,7,0
124,4,22,72,25,6,2
124,5,7,39,25,1,5
125,1,18,68,22,6,17
125,2,33,44,6,8,9
125,3,39,47,18,8,4
125,4,4,69,4,0,5
125,5,-1,4,9,3,16
126,1,9,27,8,1,9
126,2,-3,28,11,10,20
126,3,33,47,7,10,23
126,4,0,6,0,6,10
126,5,20,12,11,1,20
127,1,21,58,22,2,5
127,2,31,91,27,5,15
127,3,30,79,15,10,8
127,4,7,26,13,5,21
127,5,0,95,0,9,1
128,1,15,42,5,0,9
128,2,15,6,15,4,22
128,3,1,36,14,8,13
128,4,14,48,1,9,14
128,5,39,25,14,7,9
129,1,-3,11,15,6,2
129,2,11,73,4,1,0
129,3,-4,23,25,2,5
129,4,12,46,29,4,5
129,5,7,87,28,4,21
130,1,-3,72,12,2,24
130,2,-10,26,15,0,4
130,3,6,74,19,4,11
130,4,19,95,1,7,4
130,5,20,2,5,1,20
131,1,-9,14,27,6,11
131,2,-1,46,5,1,4
131,3,5,86,19,8,13
131,4,27,15,8,2,1
131,5,1,78,25,7,4
132,1,-1,76,26,1,6
132,2,14,40,23,5,19
132,3,23,23,14,6,15
132,4,27,71,0,3,7
132,5,8,15,8,8,5
133,1,30,34,13,0,0
133,2,-3,40,19,8,11
133,3,20,42,8,3,8
133,4,25,96,24,4,7
133,5,28,58,12,6,16
134,1,6,98,28,6,17
134,2,36,25,4,5,0
134,3,14,92,16,4,4
134,4,17,94,25,2,22
134,5,0,92,15,10,19
135,1,-10,3,5,6,19
135,2,9,8,10,3,4
135,3,7,30,25,9,22
135,4,-5,27,13,7,4
135,5,17,25,2,8,13
136,1,-4,37,6,9,17
136,2,17,61,13,9,0
136,3,21,55,25,8,15
136,4,31,72,11,6,24
136,5,24,7,16,3,24
137,1,-6,36,10,7,20
137,2,-5,76,30,6,18
137,3,22,81,4,2,11
137,4,12,22,6,4,14
137,5,28,36,17,10,16
138,1,7,87,20,2,9
138,2,31,93,5,6,17
138,3,-9,33,9,0,4
138,4,3,39,15,8,21
138,5,34,55,14,0,16
139,1,10,91,22,6,14
139,2,7,26,7,2,17
139,3,2,52,19,8,11
139,4,39,73,11,1,15
139,5,11,11,1,3,18
140,1,11,25,13,8,11
140,2,-10,94,1,1,20
140,3,16,21,9,6,1
140,4,29,59,7,2,17
140,5,30,5,17,4,8
141,1,-7,38,14,4,18
141,2,26,81,8,10,10
141,3,1,60,19,6,14
141,4,36,9,9,7,21
141,5,34,32,9,9,0
142,1,38,11,3,8,6
142,2,28,23,27,9,9
142,3,-6,66,5,4,4
142,4,39,10,6,6,8
142,5,12,42,25,8,18
143,1,29,87,26,2,10
143,2,37,6,25,4,11
143,3,30,95,7,7,15
143,4,-9,24,11,9,18
143,5,19,92,21,1,20
144,1,7,47,14,5,23
144,2,9,87,8,1,9
144,3,-6,20,27,6,1
144,4,37,74,23,9,10
144,5,26,34,28,6,21
145,1,18,20,4,1,16
145,2,40,0,17,9,4
145,3,-9,99,11,1,5
145,4,11,55,9,10,20
145,5,12,88,30,6,18
146,1,17,93,28,4,9
146,2,6,95,27,7,8
146,3,12,95,19,1,4
146,4,26,43,16,1,12
146,5,-8,74,12,0,23
147,1,26,7,19,5,4
147,2,27,46,14,4,1
147,3,-3,71,10,4,24
147,4,28,54,13,1,19
147,5,1,95,21,1,20
148,1,38,65,29,9,8
148,2,18,5,14,5,20
148,3,-2,28,3,3,15
148,4,32,24,10,9,2
148,5,37,29,12,0,20
149,1,7,8,19,7,8
149,2,29,39,24,0,8
149,3,-8,32,16,3,4
149,4,12,44,19,9,6
149,5,36,24,14,5,9
150,1,-8,7,7,8,8
150,2,26,94,12,0,17
150,3,33,72,4,6,6
150,4,33,27,4,0,7
150,5,20,20,23,10,4
151,1,2,8,16,7,11
151,2,36,16,13,7,19
151,3,31,52,14,2,3
151,4,-2,49,3,8,2
151,5,3,34,20,10,8
152,1,13,85,10,5,11
152,2,8,38,15,10,14
152,3,2,10,17,9,22
152,4,22,14,6,4,16
152,5,-9,25,10,8,23
153,1,20,70,20,5,14
153,2,8,92,25,10,2
153,3,-8,0,27,2,6
153,4,-3,6,27,4,18
153,5,1,32,20,2,13
154,1,29,42,26,0,18
154,2,29,14,21,0,2
154,3,-7,18,12,4,3
154,4,13,46,13,6,5
154,5,24,45,10,9,20
155,1,-1,100,25,6,4
155,2,25,20,27,8,24
155,3,-3,61,8,9,13
155,4,25,34,19,9,15
155,5,-9,46,16,2,4
156,1,17,8,10,5,7
156,2,18,75,5,3,0
156,3,18,65,16,0,23
156,4,11,33,30,6,17
156,5,3,83,18,5,10
157,1,31,100,14,0,24
157,2,0,42,5,5,16
157,3,30,97,7,3,22
157,4,20,55,10,4,9
157,5,5,32,0,4,15
158,1,36,94,22,4,17
158,2,11,68,0,10,23
158,3,-5,98,18,0,21
158,4,23,91,22,6,21
158,5,31,11,26,10,22
159,1,-1,75,25,10,18
159,2,7,82,28,9,15
159,3,38,34,13,4,2
159,4,-10,12,15,3,11
159,5,6,82,23,6,20
160,1,1,32,17,5,0
160,2,24,79,23,4,23
160,3,15,51,15,5,0
160,4,37,66,7,6,5
160,5,3,31,30,8,22
161,1,10,21,23,1,11
161,2,32,8,6,4,1
161,3,-1,2,13,5,10
161,4,20,99,12,2,19
161,5,23,21,28,5,0
162,1,-5,53,22,6,10
162,2,14,73,16,10,11
162,3,40,8,7,0,15
162,4,8,15,25,8,8
162,5,-3,70,5,3,8
163,1,-9,49,15,8,6
163,2,8,1,10,10,12
163,3,5,19,20,1,22
163,4,0,15,13,10,12
163,5,-10,59,1,10,13
164,1,-7,55,26,7,8
164,2,11,72,3,7,2
164,3,23,49,30,7,11
164,4,17,99,6,1,14
164,5,14,44,1,2,9
165,1,31,70,11,4,8
165,2,19,14,18,10,6
165,3,23,50,3,3,24
165,4,17,25,22,10,24
165,5,17,86,7,7,6
166,1,22,94,8,3,0
166,2,35,19,20,5,19
166,3,7,66,3,1,22
166,4,30,33,17,5,2
166,5,-2,32,2,10,4
167,1,8,100,15,10,6
167,2,-1,51,5,7,22
167,3,36,58,0,3,3
167,4,12,28,26,0,16
167,5,13,70,28,8,0
168,1,11,60,17,4,1
168,2,12,69,20,10,0
168,3,31,66,14,8,19
168,4,1,12,17,0,10
168,5,3,20,12,10,15
169,1,7,7,17,10,3
169,2,27,7,19,2,15
169,3,6,80,10,4,16
169,4,-2,9,24,6,10
169,5,26,85,10,3,1
170,1,10,55,4,7,19
170,2,-10,21,3,10,3
170,3,8,72,12,8,21
170,4,37,92,10,5,20
170,5,-3,85,13,6,22
171,1,31,18,3,10,16
171,2,27,50,1,8,13
171,3,8,50,25,6,16
171,4,10,97,28,8,12
171,5,31,77,28,2,10
172,1,1,91,7,2,23
172,2,17,93,14,8,12
172,3,19,80,28,8,18
172,4,18,51,21,9,14
172,5,13,63,3,4,18
173,1,25,60,17,8,16
173,2,16,10,11,0,10
173,3,-1,49,20,1,13
173,4,39,27,1,3,21
173,5,37,46,4,3,22
174,1,-8,27,29,8,19
174,2,-3,18,30,3,22
174,3,30,73,4,6,20
174,4,7,99,9,10,0
174,5,31,77,29,4,15
175,1,36,6,11,6,6
175,2,39,77,2,8,7
175,3,7,25,4,1,4
175,4,-3,29,28,10,0
175,5,12,21,14,7,19
176,1,26,10,22,6,4
176,2,2,40,23,10,4
176,3,40,49,30,5,21
176,4,16,89,26,8,23
176,5,39,2,3,1,18
177,1,5,44,29,5,9
177,2,29,76,10,4,13
177,3,29,60,13,7,4
177,4,7,95,2,1,0
177,5,-6,72,3,2,18
178,1,10,41,4,4,21
178,2,-6,51,11,8,6
178,3,12,30,25,4,24
178,4,11,65,12,1,22
178,5,36,49,18,4,14
179,1,22,22,29,10,7
179,2,-1,42,8,10,9
179,3,2,44,16,2,16
179,4,22,80,12,3,21
179,5,30,64,1,8,5
180,1,-8,48,7,5,14
180,2,13,24,13,10,4
180,3,27,49,23,3,15
180,4,9,86,25,0,24
180,5,19,67,20,0,2
181,1,4,70,16,8,0
181,2,25,66,18,8,0
181,3,2,54,23,10,17
181,4,1,0,29,9,21
181,5,7,64,15,2,7
182,1,26,84,24,8,8
182,2,16,85,23,1,14
182,3,13,41,13,5,9
182,4,33,34,28,8,0
182,5,-1,85,29,1,1
183,1,30,89,8,0,2
183,2,0,52,30,4,0
183,3,13,54,16,6,22
183,4,28,1,27,4,3
183,5,-1,86,4,4,23
184,1,31,30,15,5,23
184,2,3,59,11,5,10
184,3,13,98,6,3,10
184,4,3,81,13,2,7
184,5,18,81,15,8,10
185,1,32,99,29,7,15
185,2,-8,39,19,8,11
185,3,2,95,24,3,17
185,4,20,73,20,3,1
185,5,3,45,8,2,0
186,1,29,67,2,1,20
186,2,31,96,8,7,22
186,3,30,69,24,4,20
186,4,40,95,7,4,12
186,5,2,85,2,2,20
187,1,6,47,24,9,6
187,2,12,97,21,4,16
187,3,-8,85,18,7,16
187,4,7,93,7,1,12
187,5,-2,76,22,6,3
188,1,38,72,27,9,4
188,2,10,59,4,7,7
188,3,-2,21,0,1,22
188,4,23,61,0,8,18
188,5,28,91,12,0,24
189,1,14,79,3,5,10
189,2,12,57,10,0,24
189,3,9,71,21,4,23
189,4,38,59,14,7,11
189,5,-4,53,25,10,8
190,1,31,26,16,0,19
190,2,5,98,25,8,9
190,3,-7,40,4,10,17
190,4,39,47,15,4,15
190,5,27,85,22,2,5
191,1,34,31,16,1,16
191,2,-6,72,2,0,12
191,3,-6,75,11,7,10
191,4,13,98,10,7,9
191,5,24,87,27,4,2
192,1,20,30,11,1,13
192,2,36,73,19,1,9
192,3,19,51,12,8,17
192,4,-4,86,7,7,9
192,5,8,93,17,2,14
193,1,38,74,1,4,12
193,2,-2,49,10,7,22
193,3,33,22,19,9,6
193,4,13,13,0,0,9
193,5,36,7,0,10,0
194,1,21,82,26,5,13
194,2,-3,19,19,1,12
194,3,-1,33,14,5,16
194,4,7,4,12,4,23
194,5,20,12,19,9,20
195,1,11,75,1,1,11
195,2,-10,38,22,0,9
195,3,-3,91,7,5,1
195,4,10,93,26,5,0
195,5,35,20,19,6,1
196,1,-3,36,9,8,16
196,2,40,42,28,6,6
196,3,1,98,17,6,11
196,4,37,59,21,5,18
196,5,40,5,0,3,5
197,1,32,60,18,7,10
197,2,14,53,12,3,21
197,3,35,13,17,5,17
197,4,33,48,1,0,17
197,5,32,95,8,4,11
198,1,27,16,15,5,20
198,2,20,52,17,8,20
198,3,2,58,13,7,4
198,4,0,57,14,1,2
198,5,36,3,24,6,20
199,1,17,73,28,4,4
199,2,27,73,13,7,18
199,3,26,31,7,8,14
199,4,34,66,17,10,17
199,5,37,44,26,8,12
200,1,33,2,30,8,9
200,2,-8,10,24,8,13
200,3,28,14,11,4,10
200,4,29,20,15,6,2
200,5,14,43,0,6,12
201,1,6,27,30,10,1
201,2,-4,4,12,6,6
201,3,20,15,12,8,15
201,4,-3,47,16,4,12
201,5,30,15,7,2,3
202,1,-5,17,11,0,2
202,2,-3,13,30,8,12
202,3,19,14,10,10,24
202,4,32,62,1,5,23
202,5,13,20,14,5,24
203,1,-6,52,25,6,24
203,2,5,53,1,8,17
203,3,16,93,19,4,6
203,4,-7,93,21,5,24
203,5,-10,20,7,1,24
204,1,38,22,1,3,22
204,2,4,75,28,8,18
204,3,23,97,7,7,21
204,4,11,17,4,1,8
204,5,29,12,30,7,16
205,1,11,45,20,6,4
205,2,24,27,12,9,24
205,3,28,48,12,2,13
205,4,-1,9,3,8,17
205,5,16,83,20,4,15
206,1,37,93,19,4,22
206,2,5,35,28,1,1
206,3,-8,5,9,2,6
206,4,-6,54,24,8,18
206,5,14,63,27,5,23
207,1,19,58,30,10,9
207,2,12,5,22,0,9
207,3,-5,87,18,0,24
207,4,34,84,25,5,21
207,5,34,77,19,4,8
208,1,-10,90,22,0,3
208,2,34,87,4,9,14
208,3,21,82,7,3,10
208,4,23,99,18,6,6
208,5,8,50,1,8,3
209,1,36,52,4,2,11
209,2,22,77,23,7,4
209,3,5,42,20,10,14
209,4,0,42,24,9,12
209,5,30,69,11,1,22
210,1,17,59,16,2,10
210,2,10,45,29,3,23
210,3,26,8,8,8,0
210,4,-5,85,0,6,18
210,5,7,11,11,3,3
211,1,31,59,25,1,16
211,2,7,74,14,10,4
211,3,19,91,9,4,9
211,4,4,6,13,5,0
211,5,40,72,4,6,1
212,1,40,8,23,1,2
212,2,8,56,10,10,9
212,3,2,77,24,7,21
212,4,27,23,23,10,10
212,5,23,77,18,3,16
213,1,12,87,15,8,11
213,2,-2,67,24,5,1
213,3,36,85,4,7,21
213,4,7,69,7,2,17
213,5,11,94,22,8,2
214,1,20,2,25,7,24
214,2,7,94,17,9,21
214,3,-1,80,20,4,11
214,4,2,36,26,0,11
214,5,-4,29,5,8,7
215,1,25,66,23,10,18
215,2,22,15,25,9,9
215,3,-5,96,18,9,23
215,4,13,73,0,3,4
215,5,-6,4,0,2,22
216,1,-10,65,0,1,5
216,2,2,24,5,5,13
216,3,9,39,7,0,10
216,4,2,91,7,7,11
216,5,23,7,0,5,13
217,1,-6,39,18,10,7
217,2,40,14,15,4,10
217,3,40,97,5,9,24
217,4,15,46,18,3,6
217,5,11,72,12,6,9
218,1,-8,83,28,1,7
218,2,18,56,27,1,10
218,3,36,19,26,6,13
218,4,12,1,30,4,15
218,5,-3,43,17,6,0
219,1,-8,91,7,9,23
219,2,38,16,27,9,15
219,3,11,0,22,9,2
219,4,18,3,4,5,15
219,5,29,40,29,7,6
220,1,20,12,2,4,15
220,2,22,78,11,8,14
220,3,11,54,8,1,11
220,4,9,11,25,4,19
220,5,3,54,20,10,13
221,1,22,72,23,2,10
221,2,20,62,28,2,11
221,3,-4,35,4,3,8
221,4,7,56,17,5,0
221,5,21,76,4,3,10
222,1,31,45,20,9,16
222,2,30,48,15,9,10
222,3,39,66,20,1,4
222,4,20,66,30,0,23
222,5,24,52,18,5,12
223,1,7,62,27,2,2
223,2,8,63,29,2,9
223,3,8,89,6,2,9
223,4,19,71,18,5,17
223,5,-10,47,17,7,13
224,1,35,86,4,1,23
224,2,30,17,25,8,19
224,3,18,75,4,3,6
224,4,-5,92,25,1,15
224,5,28,78,19,2,13
225,1,31,29,30,3,3
225,2,27,97,0,4,7
225,3,38,19,0,0,18
225,4,40,22,23,0,9
225,5,35,16,19,6,5
226,1,19,71,26,0,3
226,2,6,62,1,9,19
226,3,34,48,28,1,3
226,4,25,62,20,5,8
226,5,12,72,17,0,9
227,1,3,63,18,4,4
227,2,0,86,6,7,15
227,3,37,42,24,10,22
227,4,-2,47,16,2,11
227,5,30,9,3,1,8
228,1,16,96,25,2,6
228,2,20,17,28,6,7
228,3,26,24,27,8,15
228,4,22,29,21,10,24
228,5,17,99,14,0,9
229,1,11,7,7,0,3
229,2,28,33,10,2,17
229,3,21,87,11,9,15
229,4,-3,81,19,1,11
229,5,7,79,1,5,16
230,1,13,80,16,4,5
230,2,7,75,25,10,23
230,3,28,46,17,8,23
230,4,21,64,8,3,6
230,5,2,62,13,2,13
231,1,20,70,26,2,0
231,2,3,60,21,4,7
231,3,25,50,13,1,9
231,4,30,68,2,3,16
231,5,36,55,8,1,8
232,1,12,46,12,4,20
232,2,-4,15,19,8,20
232,3,37,50,16,6,12
232,4,-5,34,5,3,0
232,5,2,19,28,3,10
233,1,19,48,23,1,21
233,2,-9,65,23,10,21
233,3,37,99,5,2,2
233,4,5,53,2,8,14
233,5,24,22,0,5,9
234,1,5,56,21,3,10
234,2,40,9,30,7,17
234,3,4,57,2,0,22
234,4,19,93,22,1,18
234,5,-8,23,4,0,8
235,1,16,73,22,9,5
235,2,36,18,9,7,19
235,3,23,56,13,5,18
235,4,5,92,28,7,11
235,5,40,13,10,9,10
236,1,16,43,25,3,15
236,2,-1,13,1,0,1
236,3,29,11,6,1,15
236,4,24,37,23,1,13
236,5,22,76,0,8,1
237,1,16,65,6,1,23
237,2,18,76,19,0,1
237,3,40,48,9,6,24
237,4,40,96,22,8,15
237,5,27,20,16,5,16
238,1,-1,6,21,8,6
238,2,5,60,28,5,16
238,3,16,63,7,10,19
238,4,18,71,1,6,13
238,5,16,87,15,10,11
239,1,13,32,24,4,5
239,2,1,74,18,2,21
239,3,5,94,17,7,2
239,4,34,39,21,2,7
239,5,16,11,6,10,22
240,1,9,28,8,1,15
240,2,32,60,28,9,24
240,3,31,82,4,10,15
240,4,18,42,4,6,12
240,5,29,48,5,10,20
241,1,29,94,22,9,11
241,2,-5,93,16,5,21
241,3,17,13,0,6,21
241,4,4,34,29,10,5
241,5,4,6,19,4,2
242,1,6,58,15,1,16
242,2,35,100,0,9,19
242,3,-8,59,3,6,16
242,4,12,13,14,3,20
242,5,6,46,2,2,5
243,1,15,76,23,6,18
243,2,4,95,15,6,23
243,3,19,30,25,4,16
243,4,12,7,7,6,21
243,5,8,71,7,8,12
244,1,37,46,7,8,8
244,2,25,0,3,4,6
244,3,2,52,24,7,6
244,4,-10,19,24,2,17
244,5,19,38,25,8,3
245,1,9,91,3,8,14
245,2,1,29,14,3,10
245,3,-2,54,29,3,11
245,4,14,87,29,4,6
245,5,35,55,16,5,18
246,1,30,19,19,1,15
246,2,-1,59,6,7,16
246,3,-10,2,17,0,21
246,4,7,96,18,0,12
246,5,35,49,25,4,8
247,1,33,17,24,3,16
247,2,-4,31,0,1,18
247,3,25,37,28,4,15
247,4,-2,47,10,7,7
247,5,27,72,10,2,8
248,1,13,56,3,5,11
248,2,0,17,12,8,0
248,3,36,70,12,4,4
248,4,38,11,3,6,9
248,5,12,6,19,2,5
249,1,-2,40,9,2,24
249,2,34,24,0,7,8
249,3,-8,22,11,6,24
249,4,-6,43,6,8,11
249,5,35,14,29,9,15
250,1,1,94,6,1,22
250,2,33,73,0,8,23
250,3,-5,81,0,9,11
250,4,16,64,20,1,24
250,5,20,83,8,9,0
251,1,26,19,0,4,6
251,2,-2,97,15,8,20
251,3,13,38,1,2,19
251,4,-7,70,4,10,4
251,5,4,78,11,7,7
252,1,4,89,13,2,20
252,2,-9,18,19,4,22
252,3,34,71,9,7,21
252,4,32,18,11,3,0
252,5,13,62,11,10,16
253,1,22,85,2,1,17
253,2,11,0,18,6,8
253,3,0,26,8,3,2
253,4,40,67,0,1,6
253,5,9,21,11,3,0
254,1,7,55,12,5,22
254,2,23,71,20,4,5
254,3,-5,4,17,5,15
254,4,-8,84,15,8,12
254,5,-6,43,9,8,14
255,1,22,32,24,5,23
255,2,5,22,24,9,10
255,3,-8,76,27,2,11
255,4,21,84,16,6,21
255,5,38,3,25,7,17
256,1,26,64,23,2,17
256,2,-10,81,14,10,14
256,3,8,76,21,4,8
256,4,-10,6,10,0,22
256,5,12,87,10,6,7
257,1,26,99,16,5,19
257,2,24,3,18,2,24
257,3,28,25,1,1,4
257,4,40,25,29,7,3
257,5,25,70,2,0,23
258,1,18,10,1,8,19
258,2,-1,1,6,10,18
258,3,30,48,21,0,6
258,4,20,24,29,9,10
258,5,23,89,16,3,21
259,1,1,81,13,7,20
259,2,40,71,21,1,14
259,3,11,28,22,1,3
259,4,-2,31,14,2,10
259,5,11,8,13,4,19
260,1,39,31,13,7,16
260,2,-2,47,9,1,24
260,3,35,35,30,5,7
260,4,31,56,18,3,11
260,5,35,35,25,4,4
261,1,8,24,1,6,7
261,2,-9,64,15,5,4
261,3,19,90,11,9,1
261,4,18,16,21,8,13
261,5,25,76,1,9,22
262,1,-4,71,25,4,22
262,2,11,34,14,1,3
262,3,12,3,11,7,17
262,4,29,54,20,5,7
262,5,10,44,23,1,14
263,1,-1,51,25,2,22
263,2,26,2,19,6,7
263,3,3,1,28,4,23
263,4,0,71,0,4,2
263,5,38,4,5,1,22
264,1,-5,46,23,9,17
264,2,22,12,3,1,17
264,3,35,26,22,1,0
264,4,-9,59,24,3,9
264,5,-8,94,10,7,16
265,1,11,44,16,9,11
265,2,28,25,20,10,3
265,3,0,18,29,5,17
265,4,36,91,14,9,0
265,5,32,73,24,3,20
266,1,8,31,0,0,5
266,2,1,52,21,8,17
266,3,27,44,1,2,7
266,4,23,18,25,0,5
266,5,17,83,28,3,16
267,1,-6,74,6,4,4
267,2,15,69,29,10,9
267,3,30,60,27,5,0
267,4,8,42,29,6,21
267,5,26,50,14,10,0
268,1,17,75,30,4,3
268,2,-4,55,16,9,8
268,3,4,8,29,10,15
268,4,17,85,24,5,13
268,5,40,99,16,2,1
269,1,38,80,4,10,6
269,2,28,78,2,0,15
269,3,40,7,28,3,7
269,4,29,2,23,5,4
269,5,39,17,14,7,14
270,1,12,32,4,1,21
270,2,-3,6,25,7,22
270,3,13,62,18,0,20
270,4,39,13,0,5,11
270,5,13,45,15,0,9
271,1,29,42,22,2,22
271,2,22,46,15,0,16
271,3,7,99,21,6,22
271,4,39,39,12,8,6
271,5,15,11,21,9,3
272,1,-5,66,0,3,20
272,2,-9,44,16,7,12
272,3,5,13,15,4,15
272,4,-1,16,16,1,0
272,5,30,68,23,0,11
273,1,2,93,12,10,21
273,2,36,80,29,0,7
273,3,5,11,16,8,11
273,4,34,73,20,9,15
273,5,-5,82,3,4,0
274,1,16,85,9,6,9
274,2,20,11,2,7,3
274,3,29,55,27,6,3
274,4,-7,79,3,5,4
274,5,15,96,24,1,16
275,1,17,92,0,2,2
275,2,-10,13,12,7,18
275,3,33,100,9,6,2
275,4,22,0,17,0,3
275,5,14,29,28,8,9
276,1,-2,90,1,8,21
276,2,18,85,30,4,4
276,3,16,60,9,6,9
276,4,-7,87,17,4,1
276,5,13,40,7,6,19
277,1,6,85,14,2,22
277,2,-2,71,26,2,18
277,3,17,30,24,1,7
277,4,23,96,4,2,17
277,5,4,97,23,8,14
278,1,16,51,0,4,4
278,2,27,46,27,5,22
278,3,-4,30,29,9,19
278,4,-2,71,15,4,21
278,5,28,53,26,9,0
279,1,18,22,16,8,9
279,2,17,64,7,9,11
279,3,17,96,9,5,17
279,4,5,93,20,5,1
279,5,4,50,0,1,18
280,1,-8,79,9,7,4
280,2,7,91,12,8,21
280,3,-10,1,12,6,23
280,4,39,29,8,5,10
280,5,20,84,1,2,1
281,1,11,30,17,2,3
281,2,16,47,8,9,22
281,3,17,4,9,3,12
281,4,31,51,6,5,13
281,5,-10,2,8,10,16
282,1,18,38,27,2,6
282,2,27,85,19,2,20
282,3,-6,81,3,10,0
282,4,3,60,21,2,11
282,5,2,13,2,5,3
283,1,7,76,10,1,8
283,2,11,69,30,10,24
283,3,5,13,26,2,16
283,4,19,90,30,4,20
283,5,11,70,2,2,7
284,1,18,66,23,5,2
284,2,38,94,7,6,14
284,3,4,62,23,5,1
284,4,31,3,16,9,12
284,5,33,32,19,0,13
285,1,-6,13,4,8,9
285,2,16,4,13,1,19
285,3,24,42,22,3,0
285,4,30,32,29,6,17
285,5,23,80,30,9,9
286,1,1,89,29,5,2
286,2,30,2,13,0,0
286,3,21,47,4,6,17
286,4,4,100,9,8,4
286,5,32,42,30,8,22
287,1,6,80,15,1,11
287,2,12,98,13,4,12
287,3,7,40,25,5,17
287,4,38,85,15,3,22
287,5,36,67,3,3,18
288,1,21,97,3,9,23
288,2,21,18,25,5,8
288,3,16,70,11,5,3
288,4,8,75,21,9,24
288,5,-8,89,11,3,10
289,1,-5,75,21,8,3
289,2,1,72,16,1,15
289,3,29,49,26,4,15
289,4,34,86,17,0,23
289,5,16,25,19,5,12
290,1,33,23,28,0,17
290,2,36,94,21,9,15
290,3,19,89,25,0,0
290,4,-8,84,12,8,15
290,5,36,8,14,2,1
291,1,-1,24,24,2,17
291,2,-2,31,3,9,7
291,3,12,52,26,6,9
291,4,-4,74,13,9,7
291,5,10,30,12,5,18
292,1,9,96,13,5,7
292,2,0,100,28,5,13
292,3,32,9,4,4,22
292,4,21,66,0,1,12
292,5,31,92,4,0,3
293,1,5,4,16,7,10
293,2,27,12,5,7,14
293,3,25,36,17,5,22
293,4,36,51,29,3,2
293,5,29,57,4,2,11
294,1,3,36,27,7,0
294,2,-3,33,15,6,20
294,3,23,91,19,9,15
294,4,10,92,27,4,19
294,5,7,6,10,5,12
295,1,40,42,1,9,9
295,2,30,40,16,7,18
295,3,32,22,6,5,14
295,4,8,51,1,2,13
295,5,-4,1,1,1,18
296,1,10,68,10,4,4
296,2,-7,14,2,3,10
296,3,17,82,1,8,13
296,4,36,19,14,9,6
296,5,0,27,21,4,10
297,1,15,25,17,10,22
297,2,37,61,16,5,11
297,3,18,28,18,2,3
297,4,29,29,17,9,4
297,5,-5,20,17,0,4
298,1,28,6,20,5,3
298,2,24,26,23,7,20
298,3,12,21,9,3,16
298,4,25,5,22,3,18
298,5,17,54,9,4,17
299,1,15,44,28,0,23
299,2,3,33,19,10,6
299,3,32,86,20,8,24
299,4,12,60,1,7,23
299,5,-1,65,3,3,10
300,1,21,39,29,6,17
300,2,-6,34,20,2,0
300,3,39,15,26,4,12
300,4,28,85,26,7,0
300,5,22,30,15,1,19
301,1,13,79,29,4,19
301,2,-4,89,1,0,9
301,3,26,12,25,10,14
301,4,14,34,20,1,22
301,5,12,81,5,3,7
302,1,7,35,22,10,19
302,2,28,64,16,10,18
302,3,21,90,21,3,23
302,4,-4,48,16,1,13
302,5,36,56,11,2,23
303,1,4,10,4,3,10
303,2,14,52,0,5,16
303,3,26,40,30,6,24
303,4,37,78,16,10,21
303,5,28,83,5,4,15
304,1,10,38,4,6,22
304,2,24,41,28,8,0
304,3,28,16,21,8,6
304,4,-5,32,13,5,19
304,5,14,22,1,3,2
305,1,16,12,30,8,6
305,2,30,91,24,8,10
305,3,32,76,21,0,23
305,4,12,80,30,3,2
305,5,-9,56,10,4,19
306,1,10,48,28,2,19
306,2,15,34,14,9,1
306,3,38,93,14,10,12
306,4,9,46,7,10,17
306,5,8,27,5,9,5
307,1,6,26,0,5,20
307,2,14,12,11,5,6
307,3,16,41,20,0,4
307,4,-3,46,2,9,2
307,5,30,82,22,1,6
308,1,30,50,18,2,11
308,2,18,63,16,2,16
308,3,21,28,13,3,4
308,4,40,30,5,10,8
308,5,38,90,26,0,24
309,1,12,24,1,4,14
309,2,23,61,2,2,15
309,3,20,8,25,9,22
309,4,28,28,30,7,4
309,5,2,60,3,4,1
310,1,24,42,1,10,11
310,2,5,16,13,3,18
310,3,-10,10,23,6,18
310,4,3,4,6,5,21
310,5,37,44,1,10,19
311,1,15,76,6,7,23
311,2,34,53,4,1,9
311,3,0,44,2,4,2
311,4,1,96,17,4,19
311,5,27,100,5,4,17
312,1,1,85,16,5,24
312,2,0,88,24,1,24
312,3,38,85,25,7,12
312,4,1,77,4,6,6
312,5,16,45,15,8,12
313,1,29,8,15,2,16
313,2,18,72,8,10,19
313,3,24,71,27,6,1
313,4,38,20,4,4,13
313,5,24,84,7,6,3
314,1,15,0,18,6,18
314,2,22,24,23,7,13
314,3,20,82,0,5,8
314,4,-9,55,2,6,16
314,5,1,45,29,10,17
315,1,12,61,2,2,20
315,2,20,40,4,8,12
315,3,24,44,13,8,6
315,4,5,80,18,7,21
315,5,-10,36,10,1,21
316,1,23,17,17,1,4
316,2,-1,83,19,9,22
316,3,27,34,30,8,17
316,4,18,90,22,0,5
316,5,33,43,27,1,7
317,1,31,74,0,10,17
317,2,22,28,19,5,4
317,3,21,83,24,9,2
317,4,18,27,25,10,3
317,5,8,98,4,8,6
318,1,2,96,16,5,19
318,2,37,83,30,3,18
318,3,-1,64,18,3,1
318,4,32,36,1,6,5
318,5,-10,14,11,7,12
319,1,33,64,24,5,4
319,2,-8,22,27,2,20
319,3,27,57,0,2,5
319,4,30,75,5,5,0
319,5,18,23,16,7,22
320,1,19,34,4,1,14
320,2,19,12,2,8,13
320,3,-9,5,18,9,3
320,4,-8,19,3,4,20
320,5,10,84,20,9,20
321,1,0,36,16,10,21
321,2,21,93,5,10,22
321,3,16,61,28,8,13
321,4,37,61,18,7,1
321,5,36,22,4,8,18
322,1,-10,64,3,0,24
322,2,39,36,2,2,6
322,3,12,75,7,10,8
322,4,0,22,12,10,13
322,5,-1,51,14,7,21
323,1,6,41,3,1,8
323,2,-10,33,24,8,2
323,3,32,15,4,2,2
323,4,36,8,23,10,23
323,5,20,59,21,10,20
324,1,6,45,12,10,6
324,2,-5,76,20,3,13
324,3,27,13,9,0,14
324,4,10,9,9,7,20
324,5,3,53,23,2,16
325,1,1,50,9,1,8
325,2,-3,60,11,9,16
325,3,35,1,4,2,15
325,4,10,90,27,3,9
325,5,38,92,20,10,12
326,1,11,4,10,1,20
326,2,7,93,26,5,12
326,3,17,12,0,6,0
326,4,19,6,16,0,7
326,5,-8,47,7,10,2
327,1,5,1,21,8,7
327,2,38,53,28,10,17
327,3,-8,87,10,4,23
327,4,37,31,27,2,7
327,5,29,8,10,1,0
328,1,31,99,23,9,10
328,2,16,2,8,5,0
328,3,36,97,3,7,12
328,4,23,58,17,10,24
328,5,23,16,30,10,3
329,1,7,2,7,3,19
329,2,-7,20,30,2,17
329,3,-5,52,24,7,21
329,4,38,73,14,9,15
329,5,8,8,18,3,3
330,1,21,69,14,10,23
330,2,-5,85,2,3,17
330,3,9,18,16,4,4
330,4,33,65,18,5,16
330,5,9,23,7,1,13
331,1,30,78,20,10,24
331,2,29,15,26,5,6
331,3,-7,31,25,8,16
331,4,19,68,17,8,14
331,5,14,72,16,6,16
332,1,21,81,26,1,17
332,2,18,78,3,3,12
332,3,21,74,24,7,9
332,4,0,57,25,6,14
332,5,28,88,7,3,15
333,1,9,30,22,6,7
333,2,19,0,27,7,23
333,3,24,39,26,1,8
333,4,26,19,1,4,22
333,5,25,20,12,5,13
334,1,0,50,27,9,6
334,2,16,46,6,1,13
334,3,19,79,19,10,19
334,4,10,59,4,10,20
334,5,14,3,1,4,21
335,1,29,59,13,2,22
335,2,-4,61,13,3,22
335,3,36,30,27,2,6
335,4,3,90,15,9,6
335,5,14,88,2,6,9
336,1,5,32,13,10,22
336,2,-2,70,7,2,11
336,3,12,6,10,8,16
336,4,27,25,29,6,9
336,5,-3,4,25,7,21
337,1,30,69,28,3,22
337,2,18,15,5,7,11
337,3,25,65,2,2,7
337,4,24,34,19,5,11
337,5,-9,17,12,7,23
338,1,-6,13,18,0,19
338,2,6,53,10,10,16
338,3,-7,77,1,3,9
338,4,39,98,1,10,12
338,5,-3,46,3,8,10
339,1,31,75,20,4,24
339,2,6,65,17,3,24
339,3,12,46,2,0,3
339,4,16,71,14,7,9
339,5,-3,7,24,0,7
340,1,14,22,3,9,10
340,2,40,47,6,3,23
340,3,19,78,21,3,7
340,4,40,39,13,7,19
340,5,-10,21,5,1,20
341,1,36,3,0,7,9
341,2,29,19,7,8,24
341,3,8,50,29,1,22
341,4,13,21,30,0,13
341,5,14,99,8,9,20
342,1,12,91,18,6,16
342,2,9,33,4,10,20
342,3,30,51,23,3,17
342,4,0,85,22,7,4
342,5,18,11,15,8,4
343,1,1,73,2,0,2
343,2,31,5,12,6,23
343,3,15,29,20,8,15
343,4,23,7,14,10,21
343,5,35,8,29,6,23
344,1,-8,22,12,9,10
344,2,16,96,5,8,20
344,3,6,85,27,2,14
344,4,36,33,0,1,0
344,5,29,56,26,3,20
345,1,15,31,10,6,5
345,2,3,45,1,4,10
345,3,-3,55,27,10,24
345,4,5,97,16,10,2
345,5,34,31,3,9,5
346,1,32,64,19,6,16
346,2,-8,30,17,8,2
346,3,-6,74,23,6,10
346,4,36,67,26,10,19
346,5,11,90,22,3,21
347,1,39,87,25,0,24
347,2,-1,87,14,8,12
347,3,-1,10,6,9,11
347,4,32,85,9,7,19
347,5,15,72,22,0,0
348,1,-6,44,13,5,14
348,2,38,91,16,10,4
348,3,5,53,9,7,19
348,4,40,85,8,8,13
348,5,-6,0,5,1,8
349,1,23,13,4,1,14
349,2,38,4,16,10,13
349,3,12,52,19,9,1
349,4,9,71,5,5,15
349,5,13,13,3,9,9
350,1,6,2,5,5,19
350,2,21,45,14,7,2
350,3,16,63,2,3,16
350,4,6,54,24,3,14
350,5,36,53,22,8,6
351,1,38,21,14,3,24
351,2,12,25,18,4,4
351,3,-1,20,19,3,19
351,4,-9,100,1,4,23
351,5,1,94,21,2,8
352,1,40,17,0,9,16
352,2,-8,45,7,4,17
352,3,-2,12,13,4,11
352,4,-9,21,3,0,17
352,5,40,81,19,7,19
353,1,29,13,28,3,13
353,2,20,89,5,10,19
353,3,11,60,23,9,24
353,4,-5,5,19,10,13
353,5,34,10,22,0,6
354,1,3,81,7,8,11
354,2,-3,91,0,7,6
354,3,27,5,2,3,11
354,4,-10,78,5,3,3
354,5,0,34,9,5,6
355,1,40,92,27,6,16
355,2,-4,33,26,7,1
355,3,21,63,19,10,12
355,4,-5,44,0,10,1
355,5,7,15,14,5,4
356,1,22,42,14,8,21
356,2,-10,8,4,3,8
356,3,38,94,11,6,8
356,4,4,96,29,5,17
356,5,7,22,14,8,4
357,1,18,82,28,0,22
357,2,19,76,10,4,21
357,3,37,31,8,7,17
357,4,9,43,22,3,19
357,5,11,59,24,0,14
358,1,23,44,26,2,10
358,2,18,87,25,10,12
358,3,29,34,9,2,11
358,4,-9,100,3,1,24
358,5,13,51,13,1,9
359,1,24,73,19,7,20
359,2,30,65,7,10,16
359,3,9,34,30,6,22
359,4,0,69,6,10,23
359,5,19,29,13,8,19
360,1,40,82,7,1,22
360,2,-8,42,14,0,24
360,3,-10,92,26,4,23
360,4,18,81,9,6,15
360,5,29,90,1,2,5
361,1,29,93,4,8,22
361,2,10,43,30,9,24
361,3,18,45,4,10,8
361,4,21,69,1,4,12
361,5,11,57,14,8,20
362,1,34,88,10,5,20
362,2,14,76,27,3,7
362,3,33,7,3,2,8
362,4,-9,12,16,0,24
362,5,3,85,14,6,5
363,1,8,66,26,8,9
363,2,30,0,27,7,21
363,3,37,76,13,1,20
363,4,2,53,8,4,21
363,5,21,63,16,9,7
364,1,-7,12,1,3,4
364,2,29,60,5,6,17
364,3,-4,36,9,9,7
364,4,34,32,20,0,13
364,5,29,14,17,1,20
365,1,18,45,15,1,7
365,2,12,14,10,0,20
365,3,26,85,12,10,24
365,4,-9,7,7,6,1
365,5,6,20,8,8,24
366,1,5,71,27,8,11
366,2,12,56,7,3,14
366,3,13,6,6,2,8
366,4,12,81,26,10,22
366,5,10,1,14,7,23
367,1,6,76,20,10,9
367,2,10,55,5,5,5
367,3,-1,18,13,2,18
367,4,2,85,25,2,19
367,5,23,11,17,8,12
368,1,28,62,15,7,2
368,2,9,31,18,4,22
368,3,36,74,26,2,2
368,4,12,34,13,6,10
368,5,1,13,4,6,4
369,1,34,52,21,4,1
369,2,-5,78,5,9,5
369,3,-9,87,16,9,11
369,4,2,40,8,6,3
369,5,3,62,27,1,21
370,1,23,71,8,9,22
370,2,23,14,9,5,15
370,3,39,14,10,6,24
370,4,36,51,22,0,21
370,5,36,32,0,3,5
371,1,11,89,28,1,11
371,2,32,33,16,6,22
371,3,15,30,24,8,21
371,4,4,68,0,1,24
371,5,7,71,18,6,0
372,1,5,52,26,10,10
372,2,30,44,11,2,5
372,3,20,18,24,9,1
372,4,-7,41,26,10,10
372,5,-8,31,2,8,21
373,1,26,54,21,1,0
373,2,2,37,26,1,12
373,3,-8,32,19,1,22
373,4,38,96,4,4,6
373,5,36,52,28,2,1
374,1,31,48,18,3,18
374,2,3,51,26,7,17
374,3,37,84,14,4,3
374,4,-7,96,27,4,1
374,5,-3,86,7,10,19
375,1,39,81,2,5,6
375,2,8,89,21,1,20
375,3,11,98,7,5,17
375,4,32,50,10,10,20
375,5,24,41,15,3,17
376,1,21,78,5,8,10
376,2,9,11,4,10,11
376,3,26,22,16,8,1
376,4,16,63,13,9,16
376,5,21,82,13,8,15
377,1,36,36,1,10,0
377,2,14,48,10,0,21
377,3,12,63,9,7,20
377,4,-7,43,19,1,3
377,5,1,85,19,10,9
378,1,-1,14,16,5,24
378,2,36,23,7,6,4
378,3,8,4,15,7,4
378,4,16,23,27,10,4
378,5,29,74,7,6,13
379,1,2,13,27,10,24
379,2,19,18,21,8,12
379,3,23,56,8,7,7
379,4,3,42,8,0,18
379,5,-2,98,25,4,15
380,1,36,42,21,8,13
380,2,-7,9,5,7,23
380,3,30,62,17,0,14
380,4,20,38,16,1,1
380,5,2,90,5,6,0
381,1,20,88,27,7,13
381,2,36,53,10,10,15
381,3,-10,61,3,8,15
381,4,28,43,8,10,15
381,5,-3,31,5,3,14
382,1,32,83,12,5,19
382,2,9,70,18,0,14
382,3,-10,66,25,9,4
382,4,-4,7,29,9,22
382,5,33,14,0,4,10
383,1,23,57,6,2,0
383,2,24,29,3,5,10
383,3,12,45,8,1,4
383,4,40,44,0,10,19
383,5,-6,63,25,9,0
384,1,29,82,5,1,2
384,2,-3,37,24,0,8
384,3,-6,63,20,2,8
384,4,24,64,27,3,24
384,5,33,83,15,4,23
385,1,16,42,10,7,12
385,2,24,93,2,3,0
385,3,2,23,30,3,24
385,4,7,87,3,9,5
385,5,6,95,6,2,15
386,1,39,34,4,9,0
386,2,27,73,30,6,19
386,3,2,76,11,6,5
386,4,12,51,13,10,15
386,5,32,4,3,9,19
387,1,14,60,14,3,3
387,2,-7,87,14,7,10
387,3,-3,15,28,9,3
387,4,28,54,24,3,6
387,5,12,45,17,4,17
388,1,17,22,7,5,7
388,2,39,12,16,3,21
388,3,9,92,5,2,16
388,4,7,81,15,6,5
388,5,-6,12,3,9,3
389,1,36,99,1,10,11
389,2,24,99,17,4,24
389,3,25,68,16,3,5
389,4,30,40,15,1,24
389,5,-8,19,13,4,11
390,1,12,51,8,2,8
390,2,-3,27,15,3,5
390,3,9,47,26,0,9
390,4,7,93,17,9,4
390,5,29,15,30,9,11
391,1,-10,0,21,3,7
391,2,33,25,27,5,24
391,3,36,20,29,5,24
391,4,-8,78,11,7,18
391,5,29,20,25,6,0
392,1,37,68,23,4,3
392,2,13,79,18,4,16
392,3,-8,6,13,9,19
392,4,23,87,25,10,3
392,5,-4,20,23,10,20
393,1,40,51,3,5,16
393,2,32,28,4,5,21
393,3,27,21,5,1,4
393,4,18,51,22,4,17
393,5,20,18,23,3,17
394,1,14,66,13,6,16
394,2,25,76,13,9,22
394,3,19,29,21,7,22
394,4,2,12,26,10,14
394,5,8,9,12,7,14
395,1,21,49,10,9,10
395,2,11,1,3,8,13
395,3,7,66,16,7,14
395,4,18,37,19,8,10
395,5,23,35,25,2,2
396,1,27,78,24,6,22
396,2,12,18,10,5,9
396,3,36,27,2,7,6
396,4,37,70,26,1,18
396,5,15,33,23,0,14
397,1,-2,16,6,7,14
397,2,10,59,25,0,23
397,3,6,69,10,4,15
397,4,29,74,15,5,7
397,5,33,76,24,10,22
398,1,9,85,25,2,18
398,2,20,8,27,7,8
398,3,13,7,7,3,5
398,4,8,92,11,5,3
398,5,-7,24,23,1,16
399,1,-1,19,22,5,2
399,2,-8,3,2,0,2
399,3,30,96,20,0,24
399,4,33,2,16,10,5
399,5,23,26,15,3,24
400,1,35,41,10,9,21
400,2,33,9,17,2,1
400,3,3,56,24,3,21
400,4,11,70,25,9,12
400,5,14,50,14,0,19
401,1,23,70,10,6,24
401,2,17,22,28,6,10
401,3,3,69,17,0,14
401,4,10,36,7,0,15
401,5,38,77,14,6,3
402,1,-5,64,23,4,8
402,2,33,31,13,7,12
402,3,-5,2,6,8,5
402,4,13,34,17,5,8
402,5,31,89,22,0,24
403,1,8,96,11,8,19
403,2,18,4,3,6,22
403,3,13,44,25,8,20
403,4,8,89,26,5,4
403,5,-9,50,5,1,11
404,1,8,53,5,7,0
404,2,16,94,19,6,8
404,3,36,27,16,5,12
404,4,38,86,14,9,15
404,5,37,62,5,2,4
405,1,14,34,8,8,0
405,2,32,11,3,0,12
405,3,15,73,29,7,1
405,4,23,32,19,3,12
405,5,39,85,18,9,4
406,1,10,85,29,1,21
406,2,40,63,7,3,5
406,3,15,88,25,10,0
406,4,-1,83,8,2,6
406,5,35,10,29,1,10
407,1,11,94,14,5,23
407,2,26,99,25,6,11
407,3,-4,50,3,2,15
407,4,35,74,18,5,18
407,5,6,29,30,1,4
408,1,26,20,16,6,24
408,2,-5,41,30,6,1
408,3,9,59,23,5,22
408,4,14,20,26,2,21
408,5,23,64,3,9,3
409,1,12,64,20,8,9
409,2,13,9,20,6,6
409,3,24,9,3,6,6
409,4,39,100,15,2,15
409,5,-6,28,13,10,22
410,1,25,38,17,6,2
410,2,-4,79,24,5,7
410,3,-10,40,26,0,10
410,4,2,8,23,5,19
410,5,12,12,16,6,14
411,1,-7,9,7,0,9
411,2,20,97,22,7,13
411,3,-5,6,1,3,14
411,4,-5,46,18,3,18
411,5,27,93,14,4,22
412,1,23,53,22,8,13
412,2,16,38,17,7,2
412,3,-9,92,26,2,15
412,4,-6,100,21,9,3
412,5,5,76,2,2,20
413,1,37,95,1,6,12
413,2,29,50,21,6,3
413,3,-6,9,10,4,16
413,4,29,21,23,9,24
413,5,30,43,28,7,23
414,1,33,19,20,4,20
414,2,1,90,30,5,14
414,3,16,58,12,10,19
414,4,11,42,14,5,16
414,5,21,64,6,2,16
415,1,2,53,11,7,4
415,2,10,33,22,3,5
415,3,16,79,29,9,22
415,4,36,20,1,1,14
415,5,24,58,19,7,4
416,1,-6,28,7,5,9
416,2,28,26,1,3,21
416,3,28,59,24,6,15
416,4,6,89,9,4,11
416,5,10,81,1,8,11
417,1,34,100,26,5,16
417,2,2,69,12,5,9
417,3,-3,72,13,1,17
417,4,18,77,12,7,1
417,5,7,92,13,2,15
418,1,24,50,30,4,18
418,2,17,3,26,3,15
418,3,-6,56,24,8,9
418,4,18,51,25,7,18
418,5,18,99,25,3,23
419,1,27,29,13,0,20
419,2,11,74,6,1,20
419,3,8,77,13,3,2
419,4,18,56,25,0,15
419,5,-3,9,19,5,4
420,1,-6,86,18,10,3
420,2,6,51,7,8,9
420,3,21,90,5,7,15
420,4,28,75,11,2,15
420,5,-10,79,24,4,16
421,1,13,59,24,7,18
421,2,9,13,8,4,10
421,3,-8,89,9,6,14
421,4,40,6,27,0,15
421,5,5,89,28,1,10
422,1,15,9,11,9,15
422,2,18,64,19,1,19
422,3,24,51,11,3,18
422,4,-10,24,2,0,10
422,5,23,14,10,2,1
423,1,19,42,5,4,22
423,2,5,26,9,6,14
423,3,26,50,10,4,18
423,4,37,85,20,10,3
423,5,38,88,20,7,3
424,1,-2,91,25,7,13
424,2,-1,28,23,0,1
424,3,20,8,27,5,0
424,4,9,46,19,2,23
424,5,-3,71,8,8,24
425,1,4,29,2,8,22
425,2,16,66,13,1,23
425,3,1,51,24,10,7
425,4,5,87,3,3,0
425,5,-2,92,6,5,18
426,1,35,15,29,3,18
426,2,11,10,13,10,10
426,3,26,23,21,10,3
426,4,0,77,3,10,9
426,5,9,40,24,9,4
427,1,12,88,0,10,14
427,2,22,23,30,1,14
427,3,0,23,29,2,9
427,4,40,78,20,5,23
427,5,-3,51,7,8,5
428,1,-6,53,26,0,7
428,2,2,12,27,10,0
428,3,30,90,4,6,12
428,4,23,39,20,6,11
428,5,0,83,21,3,3
429,1,40,68,7,3,14
429,2,31,30,30,4,15
429,3,33,86,28,8,3
429,4,1,85,10,6,10
429,5,28,0,14,0,11
430,1,-7,58,25,3,16
430,2,27,25,20,10,18
430,3,6,38,22,0,10
430,4,-8,47,26,8,7
430,5,16,84,13,9,9
431,1,35,43,26,9,16
431,2,25,30,11,0,10
431,3,2,98,18,8,5
431,4,12,21,7,8,13
431,5,19,40,6,6,21
432,1,16,71,20,10,7
432,2,18,89,28,9,21
432,3,-2,35,21,4,17
432,4,26,75,19,1,11
432,5,28,68,28,1,11
433,1,10,60,22,6,14
433,2,-8,89,24,3,1
433,3,2,67,18,9,4
433,4,-5,48,24,3,5
433,5,-7,39,28,2,23
434,1,14,46,20,7,2
434,2,29,80,23,5,8
434,3,29,92,15,1,9
434,4,26,82,22,1,0
434,5,18,11,7,5,24
435,1,39,18,0,2,17
435,2,12,25,20,3,19
435,3,-9,3,1,7,15
435,4,29,2,28,10,23
435,5,1,67,19,7,23
436,1,33,46,6,6,23
436,2,34,89,20,9,21
436,3,24,72,14,7,14
436,4,4,84,24,9,1
436,5,37,90,16,6,5
437,1,0,39,9,7,16
437,2,2,89,5,4,22
437,3,37,64,24,6,6
437,4,27,16,17,8,14
437,5,0,9,2,3,18
438,1,6,24,26,3,23
438,2,22,37,11,10,5
438,3,22,62,30,0,3
438,4,7,15,22,0,3
438,5,0,48,7,9,15
439,1,15,3,14,4,22
439,2,27,75,2,8,21
439,3,16,10,23,3,0
439,4,31,28,24,6,10
439,5,33,48,2,5,14
440,1,6,13,13,2,14
440,2,23,7,24,6,9
440,3,-10,67,13,5,23
440,4,19,4,5,8,10
440,5,8,9,29,0,18
441,1,6,8,13,1,24
441,2,-6,67,2,3,11
441,3,24,32,2,0,15
441,4,12,2,26,6,13
441,5,11,59,27,7,0
442,1,34,62,12,5,10
442,2,13,100,9,3,21
442,3,-4,41,20,3,1
442,4,10,12,28,0,6
442,5,-6,4,8,8,14
443,1,-3,63,26,8,19
443,2,38,21,5,1,9
443,3,36,81,11,1,22
443,4,-7,91,18,4,11
443,5,20,65,1,4,23
444,1,10,2,16,2,1
444,2,13,65,22,2,8
444,3,17,74,26,9,7
444,4,-5,12,25,4,14
444,5,10,32,1,10,13
445,1,-8,23,14,4,3
445,2,9,30,26,9,19
445,3,-7,1,29,9,23
445,4,8,50,8,3,14
445,5,36,89,5,8,12
446,1,29,27,27,4,14
446,2,6,78,8,3,13
446,3,20,15,0,3,23
446,4,18,89,9,8,15
446,5,17,18,22,8,19
447,1,-2,1,14,8,23
447,2,15,93,16,1,3
447,3,-1,79,16,1,7
447,4,40,14,15,8,4
447,5,4,40,28,2,10
448,1,31,67,17,5,0
448,2,-8,84,30,4,16
448,3,6,32,6,4,20
448,4,-1,46,23,3,5
448,5,39,50,7,6,0
449,1,6,26,27,7,15
449,2,-2,17,16,4,11
449,3,30,42,18,4,20
449,4,11,44,7,9,4
449,5,35,48,24,10,11
450,1,36,78,8,2,1
450,2,19,70,11,6,10
450,3,14,93,17,5,21
450,4,22,13,12,0,19
450,5,15,49,16,7,8
451,1,36,31,13,9,17
451,2,35,75,4,6,11
451,3,-9,53,23,4,18
451,4,-5,48,27,3,2
451,5,-5,64,5,0,11
452,1,24,21,14,4,3
452,2,20,81,0,0,11
452,3,4,79,20,10,13
452,4,14,93,19,5,20
452,5,-5,27,18,1,15
453,1,36,69,21,6,0
453,2,6,29,27,10,20
453,3,1,99,16,9,4
453,4,11,63,30,0,10
453,5,26,99,24,6,6
454,1,-6,32,1,9,1
454,2,28,21,23,8,17
454,3,-1,17,17,1,15
454,4,14,3,16,10,11
454,5,-2,69,1,1,0
455,1,-5,20,6,9,6
455,2,28,31,20,2,13
455,3,6,78,18,0,0
455,4,14,19,9,3,3
455,5,9,78,11,4,5
456,1,29,7,21,6,14
456,2,-5,98,3,5,14
456,3,6,59,19,6,13
456,4,29,68,29,0,0
456,5,0,84,10,10,15
457,1,33,65,25,9,1
457,2,-5,65,8,8,11
457,3,28,26,18,9,4
457,4,1,62,9,0,1
457,5,4,95,2,7,23
458,1,38,54,17,1,22
458,2,11,98,0,10,19
458,3,10,61,8,3,23
458,4,6,73,26,7,3
458,5,-2,41,19,1,23
459,1,37,55,17,9,8
459,2,-4,52,15,7,16
459,3,14,63,25,10,23
459,4,20,25,16,0,22
459,5,23,94,7,9,6
460,1,6,34,4,9,0
460,2,-6,44,10,7,2
460,3,9,77,19,2,8
460,4,-9,84,12,5,4
460,5,24,44,10,7,6
461,1,-10,40,22,6,10
461,2,1,26,0,3,23
461,3,-3,95,0,8,1
461,4,31,58,22,6,14
461,5,27,50,29,10,20
462,1,31,93,21,10,23
462,2,12,9,8,1,22
462,3,5,43,21,8,10
462,4,19,71,7,10,16
462,5,31,93,11,4,11
463,1,-8,70,17,5,17
463,2,2,1,12,8,20
463,3,8,50,14,1,2
463,4,-3,36,1,4,10
463,5,-7,30,15,9,20
464,1,40,88,18,0,11
464,2,18,41,24,6,2
464,3,-2,21,12,1,11
464,4,5,68,4,6,21
464,5,5,85,27,7,19
465,1,1,45,7,3,12
465,2,-3,19,12,9,24
465,3,-6,81,18,4,13
465,4,34,83,25,8,8
465,5,32,37,8,3,19
466,1,5,56,3,10,7
466,2,-3,47,15,5,21
466,3,35,93,27,7,0
466,4,34,29,16,3,7
466,5,15,10,19,4,8
467,1,20,37,13,6,24
467,2,9,48,4,1,3
467,3,10,4,22,1,18
467,4,8,74,8,5,3
467,5,-5,72,28,4,7
468,1,29,86,26,5,20
468,2,6,8,11,2,6
468,3,12,7,20,9,12
468,4,-9,60,27,1,8
468,5,20,10,24,0,6
469,1,18,29,11,0,14
469,2,35,98,8,5,5
469,3,34,46,25,5,16
469,4,1,15,11,6,17
469,5,35,51,6,5,21
470,1,25,44,8,5,18
470,2,9,91,18,5,21
470,3,14,85,28,7,16
470,4,32,52,21,9,4
470,5,9,43,14,0,18
471,1,25,78,25,6,15
471,2,11,20,9,8,21
471,3,-9,50,0,8,4
471,4,40,59,1,0,10
471,5,32,96,25,9,16
472,1,-3,10,6,8,21
472,2,22,50,12,4,14
472,3,15,78,20,1,7
472,4,27,88,6,10,10
472,5,19,38,10,2,19
473,1,8,66,16,9,13
473,2,19,25,17,4,12
473,3,20,31,16,9,4
473,4,34,44,21,8,1
473,5,11,84,26,6,5
474,1,0,54,19,1,12
474,2,21,17,18,9,12
474,3,17,92,19,1,24
474,4,7,19,4,10,12
474,5,-1,93,30,0,4
475,1,33,65,25,10,13
475,2,6,4,5,7,20
475,3,-2,5,8,1,12
475,4,11,98,25,2,12
475,5,13,97,19,8,9
476,1,28,70,6,4,1
476,2,27,58,2,3,6
476,3,9,22,8,7,24
476,4,29,32,0,10,23
476,5,22,49,3,1,6
477,1,2,82,13,1,1
477,2,30,95,12,9,19
477,3,30,9,3,6,15
477,4,14,30,4,5,21
477,5,5,34,20,1,1
478,1,11,5,26,10,11
478,2,12,99,22,9,18
478,3,15,30,15,9,2
478,4,27,32,19,4,23
478,5,27,58,25,0,5
479,1,6,2,21,8,11
479,2,-4,95,20,4,12
479,3,18,1,17,6,16
479,4,38,4,30,3,22
479,5,36,60,28,7,11
480,1,30,64,12,2,9
480,2,-6,2,5,2,6
480,3,20,5,28,9,1
480,4,23,100,6,4,15
480,5,27,74,25,0,20
481,1,4,53,26,7,10
481,2,-9,25,9,3,5
481,3,27,0,16,5,6
481,4,0,82,16,3,15
481,5,-8,23,0,5,21
482,1,11,37,23,3,16
482,2,3,79,14,0,7
482,3,15,48,20,6,10
482,4,16,2,22,6,14
482,5,-7,31,0,9,22
483,1,8,31,3,2,19
483,2,2,69,2,5,17
483,3,-2,42,6,6,11
483,4,-5,88,19,1,15
483,5,29,1,27,0,22
484,1,22,67,26,5,6
484,2,-10,79,29,9,16
484,3,3,25,26,1,18
484,4,2,83,10,6,18
484,5,9,35,21,7,11
485,1,36,83,11,1,14
485,2,-4,98,20,6,2
485,3,28,20,20,3,14
485,4,12,31,11,7,16
485,5,-1,71,5,5,18
486,1,-1,13,5,10,13
486,2,17,3,26,7,11
486,3,-10,99,9,6,23
486,4,13,53,24,0,24
486,5,13,48,6,6,11
487,1,12,86,11,8,2
487,2,6,72,7,10,10
487,3,2,44,4,5,18
487,4,26,35,0,6,20
487,5,3,86,25,5,21
488,1,8,84,15,3,10
488,2,19,64,24,10,11
488,3,24,41,16,3,22
488,4,24,18,14,4,10
488,5,35,59,30,2,5
489,1,30,90,22,4,19
489,2,22,95,22,1,9
489,3,17,66,7,8,3
489,4,23,62,26,9,3
489,5,39,86,22,6,6
490,1,16,63,20,2,4
490,2,25,43,14,1,4
490,3,18,50,9,3,19
490,4,-9,35,28,3,12
490,5,28,62,21,4,18
491,1,-5,11,26,8,18
491,2,3,99,23,10,9
491,3,0,89,12,1,0
491,4,-1,70,29,8,11
491,5,11,55,25,9,15
492,1,33,20,21,1,22
492,2,-6,63,18,5,14
492,3,32,10,19,8,7
492,4,3,84,12,9,22
492,5,-8,93,17,8,14
493,1,34,45,16,4,19
493,2,24,35,19,4,12
493,3,34,26,15,7,14
493,4,40,54,25,3,15
493,5,31,70,11,3,3
494,1,21,17,14,7,5
494,2,3,29,13,1,17
494,3,7,79,1,3,12
494,4,7,57,18,9,14
494,5,22,95,2,6,15
495,1,11,88,11,8,16
495,2,20,0,12,7,6
495,3,-4,55,25,6,20
495,4,-5,66,12,3,1
495,5,5,69,13,4,11
496,1,-8,25,29,6,6
496,2,-10,19,15,8,10
496,3,24,44,5,7,1
496,4,19,58,9,10,23
496,5,6,99,15,8,0
497,1,22,85,29,2,3
497,2,36,22,23,1,5
497,3,26,96,18,2,16
497,4,-6,2,12,10,8
497,5,31,30,8,5,7
498,1,14,83,29,7,0
498,2,6,96,9,0,17
498,3,13,44,8,6,7
498,4,-8,32,16,6,14
498,5,8,75,13,8,4
499,1,11,94,7,7,3
499,2,18,49,5,5,1
499,3,8,91,28,10,9
499,4,33,78,3,5,16
499,5,-7,58,4,0,16
500,1,-4,57,23,5,7
500,2,13,72,29,7,20
500,3,28,50,21,10,11
500,4,6,30,25,4,0
500,5,11,70,9,4,9
501,1,22,27,24,0,12
501,2,11,34,7,7,22
501,3,-5,44,12,5,15
501,4,1,67,11,3,0
501,5,25,12,13,3,8
502,1,30,29,26,2,11
502,2,2,15,25,3,0
502,3,11,27,22,5,6
502,4,18,79,20,2,3
502,5,11,43,7,10,12
503,1,20,17,8,2,16
503,2,-9,90,14,0,0
503,3,29,61,2,1,1
503,4,6,18,25,7,1
503,5,32,89,18,4,24
504,1,18,33,4,3,10
504,2,30,33,3,0,2
504,3,-5,57,23,2,6
504,4,14,54,5,5,1
504,5,26,96,7,10,2
505,1,-4,4,5,5,19
505,2,24,9,18,7,18
505,3,12,4,19,10,21
505,4,37,81,1,9,20
505,5,-8,61,4,1,12
506,1,3,7,23,0,1
506,2,38,46,13,2,11
506,3,36,68,21,7,16
506,4,12,35,1,0,10
506,5,39,43,9,0,17
507,1,26,58,7,6,3
507,2,-7,12,15,4,20
507,3,38,63,13,7,3
507,4,28,100,6,7,7
507,5,21,18,22,5,18
508,1,-6,21,4,3,19
508,2,6,100,22,4,14
508,3,38,64,7,7,21
508,4,-2,80,17,4,23
508,5,13,5,10,6,11
509,1,29,16,15,0,23
509,2,-1,50,15,2,5
509,3,-10,93,2,5,17
509,4,-5,89,17,1,0
509,5,14,47,19,2,18
510,1,16,7,29,4,12
510,2,3,63,7,5,22
510,3,18,91,4,8,22
510,4,12,46,24,6,3
510,5,3,90,15,1,3
511,1,20,18,3,3,21
511,2,34,46,15,0,4
511,3,0,69,15,0,23
511,4,30,36,21,3,2
511,5,37,3,7,2,5
512,1,14,49,19,5,1
512,2,12,68,24,8,23
512,3,21,70,26,7,24
512,4,3,39,0,0,7
512,5,20,78,29,0,21
513,1,2,46,20,0,17
513,2,35,92,14,0,6
513,3,5,10,13,3,18
513,4,-8,4,23,5,20
513,5,9,88,13,7,0
514,1,-7,35,23,2,22
514,2,32,37,26,3,23
514,3,25,41,1,7,5
514,4,15,54,30,5,1
514,5,7,56,2,10,22
515,1,30,57,24,7,23
515,2,32,14,17,6,15
515,3,31,69,22,7,18
515,4,30,30,8,1,18
515,5,16,38,9,9,7
516,1,-10,76,7,10,14
516,2,-6,26,25,9,8
516,3,26,21,3,6,19
516,4,-2,69,18,5,22
516,5,6,77,6,4,5
517,1,4,68,6,8,7
517,2,19,91,4,4,18
517,3,19,24,4,7,14
517,4,-2,24,22,0,5
517,5,3,58,20,3,15
518,1,-1,14,30,6,24
518,2,8,47,6,0,9
518,3,29,92,27,0,23
518,4,-9,12,11,0,15
518,5,22,82,2,2,11
519,1,18,54,19,4,6
519,2,7,35,7,9,11
519,3,17,41,8,4,1
519,4,5,74,2,3,14
519,5,27,62,29,10,21
520,1,6,96,13,3,1
520,2,-5,39,1,2,3
520,3,-10,77,21,7,19
520,4,35,88,4,9,19
520,5,23,76,26,5,8
521,1,3,91,19,1,9
521,2,6,84,11,2,5
521,3,5,1,20,3,8
521,4,14,78,4,7,8
521,5,23,64,6,3,12
522,1,38,76,30,0,18
522,2,16,62,22,2,13
522,3,30,26,17,7,5
522,4,32,81,28,10,23
522,5,2,49,28,1,4
523,1,8,5,24,7,14
523,2,-9,95,26,1,0
523,3,-6,94,14,5,1
523,4,29,17,0,1,5
523,5,28,35,22,8,21
524,1,-2,72,25,4,1
524,2,18,59,8,3,16
524,3,34,9,25,2,4
524,4,22,30,21,5,4
524,5,-9,67,3,4,7
525,1,35,26,16,1,3
525,2,11,53,15,9,6
525,3,2,86,2,4,12
525,4,-5,30,28,1,24
525,5,-1,58,11,0,6
526,1,26,66,2,7,23
526,2,18,63,28,1,17
526,3,31,67,13,8,0
526,4,28,34,14,9,14
526,5,-5,95,15,8,23
527,1,3,81,18,4,13
527,2,28,28,4,9,4
527,3,15,24,15,4,23
527,4,8,41,26,8,17
527,5,28,44,2,5,1
528,1,2,82,26,4,20
528,2,24,92,8,9,21
528,3,35,10,13,3,1
528,4,20,99,9,5,3
528,5,-10,41,12,9,2
529,1,34,61,17,3,10
529,2,23,33,12,7,1
529,3,21,57,21,9,15
529,4,4,10,29,4,4
529,5,37,28,13,0,8
530,1,-7,89,2,3,4
530,2,28,94,9,10,2
530,3,-2,92,8,6,14
530,4,-4,75,28,2,4
530,5,38,95,16,2,15
531,1,32,91,4,0,6
531,2,11,46,15,9,2
531,3,-8,39,25,6,8
531,4,14,37,17,10,24
531,5,-10,52,23,1,5
532,1,4,6,19,0,12
532,2,32,68,8,6,19
532,3,3,30,27,3,22
532,4,35,52,5,8,18
532,5,18,88,8,4,9
533,1,1,19,5,4,12
533,2,17,70,17,9,22
533,3,26,38,8,10,4
533,4,15,60,9,2,23
533,5,12,90,6,10,19
534,1,0,42,12,8,17
534,2,12,65,20,8,16
534,3,-7,74,24,6,5
534,4,12,12,5,8,12
534,5,30,13,3,1,6
535,1,-8,62,3,4,9
535,2,31,59,29,9,20
535,3,15,27,7,5,24
535,4,25,67,2,9,8
535,5,-2,23,18,0,2
536,1,39,91,16,7,13
536,2,14,73,22,2,18
536,3,29,25,17,3,11
536,4,2,96,29,3,9
536,5,40,26,27,8,14
537,1,34,17,20,0,15
537,2,-10,30,11,3,13
537,3,3,35,18,3,20
537,4,3,40,24,9,19
537,5,33,49,6,2,0
538,1,12,15,18,8,4
538,2,-9,36,3,4,14
538,3,33,38,4,3,13
538,4,15,38,21,3,9
538,5,15,5,8,1,9
539,1,4,7,11,1,2
539,2,10,92,3,7,22
539,3,6,63,11,7,22
539,4,0,48,27,8,1
539,5,39,51,5,8,22
540,1,6,29,17,3,15
540,2,-4,74,25,3,9
540,3,40,63,18,2,7
540,4,13,57,0,9,21
540,5,13,34,19,5,11
541,1,-8,44,5,3,17
541,2,23,3,19,1,11
541,3,6,10,11,8,22
541,4,0,94,17,3,5
541,5,27,22,10,10,11
542,1,35,22,17,5,14
542,2,33,49,23,1,24
542,3,5,93,29,0,3
542,4,1,45,5,10,13
542,5,-4,8,12,6,22
543,1,30,53,6,4,3
543,2,4,8,17,1,21
543,3,0,94,27,1,16
543,4,-1,73,23,8,24
543,5,25,100,10,8,24
544,1,29,67,18,6,11
544,2,19,30,20,5,6
544,3,19,26,3,5,22
544,4,-4,25,15,6,18
544,5,26,18,28,7,14
545,1,32,49,22,8,13
545,2,0,21,29,2,0
545,3,39,56,20,10,24
545,4,5,93,30,2,2
545,5,0,33,7,2,23
546,1,1,26,27,10,3
546,2,3,26,22,4,24
546,3,5,61,3,7,24
546,4,19,91,25,1,3
546,5,26,28,22,7,14
547,1,8,23,7,8,11
547,2,9,58,2,2,5
547,3,12,56,6,4,9
547,4,9,56,13,10,15
547,5,29,79,27,10,4
548,1,-6,14,3,2,17
548,2,36,34,6,3,16
548,3,18,32,23,0,21
548,4,12,31,0,6,13
548,5,36,15,13,2,17
549,1,33,13,24,6,23
549,2,-1,82,8,10,19
549,3,-3,13,17,5,2
549,4,-8,60,16,3,8
549,5,1,72,11,2,15
550,1,14,11,18,7,19
550,2,-4,17,27,2,5
550,3,33,14,14,2,20
550,4,39,39,15,0,13
550,5,-2,48,3,10,20
551,1,-6,35,10,2,3
551,2,33,68,0,1,24
551,3,-5,5,24,10,12
551,4,-1,44,29,4,22
551,5,13,51,0,6,19
552,1,31,5,8,0,11
552,2,-3,95,17,10,20
552,3,31,95,4,8,5
552,4,38,8,11,5,24
552,5,40,53,0,7,10
553,1,1,59,27,3,23
553,2,-6,69,11,1,16
553,3,33,49,9,10,8
553,4,26,96,3,5,24
553,5,3,29,26,4,21
554,1,19,23,23,7,12
554,2,40,87,6,4,15
554,3,20,65,15,0,2
554,4,22,10,22,2,10
554,5,38,18,22,2,15
555,1,26,41,3,4,21
555,2,12,64,28,3,2
555,3,17,47,24,8,16
555,4,31,42,12,2,9
555,5,35,16,4,4,7
556,1,38,36,24,8,23
556,2,27,26,8,8,23
556,3,-6,18,9,7,16
556,4,24,13,24,6,15
556,5,16,30,23,7,15
557,1,6,24,12,2,8
557,2,30,61,20,7,21
557,3,30,27,5,10,22
557,4,26,61,1,0,19
557,5,24,52,8,1,23
558,1,38,27,23,4,23
558,2,16,81,27,3,20
558,3,3,68,30,4,15
558,4,3,100,3,5,17
558,5,1,31,17,10,15
559,1,31,77,13,10,2
559,2,2,67,26,0,17
559,3,-3,93,9,1,21
559,4,-4,0,12,9,10
559,5,30,23,24,4,5
560,1,8,1,14,2,22
560,2,20,95,20,7,19
560,3,13,37,17,6,23
560,4,3,32,2,10,17
560,5,7,65,0,9,20
561,1,35,72,10,9,2
561,2,8,22,30,8,23
561,3,-9,49,0,4,14
561,4,7,15,17,8,18
561,5,-2,99,2,10,10
562,1,27,86,0,10,9
562,2,-2,40,15,4,20
562,3,23,46,0,10,14
562,4,-4,53,19,10,23
562,5,14,3,14,0,4
563,1,34,76,18,5,19
563,2,-7,76,17,8,22
563,3,20,78,1,6,24
563,4,0,37,19,1,22
563,5,11,29,10,4,4
564,1,24,29,11,8,24
564,2,31,82,22,5,11
564,3,4,13,11,3,23
564,4,5,9,13,3,5
564,5,35,17,24,0,23
565,1,32,12,2,3,23
565,2,-8,77,21,9,13
565,3,23,94,23,3,8
565,4,15,86,11,3,11
565,5,39,92,22,5,12
566,1,5,7,2,2,23
566,2,7,4,18,8,16
566,3,38,3,16,3,10
566,4,-1,24,7,5,12
566,5,-8,52,17,4,22
567,1,28,49,5,6,2
567,2,-8,13,4,3,1
567,3,31,12,0,4,2
567,4,36,87,3,0,15
567,5,31,93,24,2,23
568,1,4,94,1,7,21
568,2,20,52,28,1,7
568,3,0,37,20,7,12
568,4,25,15,14,0,16
568,5,-9,91,23,2,0
569,1,28,12,30,9,7
569,2,0,60,9,9,19
569,3,33,45,4,9,4
569,4,2,67,17,6,16
569,5,23,15,0,4,8
570,1,-4,3,3,2,0
570,2,12,58,5,6,21
570,3,13,85,5,5,10
570,4,-2,63,11,1,15
570,5,30,79,16,10,16
571,1,33,30,25,7,17
571,2,6,59,12,0,13
571,3,30,23,2,5,6
571,4,36,0,28,6,3
571,5,9,14,28,4,13
572,1,-6,13,17,8,5
572,2,18,93,2,3,13
572,3,15,71,8,7,4
572,4,7,36,8,10,6
572,5,19,78,19,1,15
573,1,16,10,6,8,22
573,2,34,93,2,7,20
573,3,32,61,14,7,0
573,4,2,54,1,0,19
573,5,38,10,13,0,2
574,1,38,94,21,7,7
574,2,36,95,18,9,16
574,3,-7,95,21,9,11
574,4,36,84,11,7,24
574,5,33,93,14,8,11
575,1,3,73,26,3,17
575,2,26,24,7,6,1
575,3,27,88,18,3,7
575,4,33,31,6,0,22
575,5,7,63,25,4,24
576,1,-8,5,25,4,7
576,2,19,85,29,6,1
576,3,6,94,14,0,3
576,4,9,92,9,10,23
576,5,30,70,5,9,11
577,1,16,47,30,8,16
577,2,3,66,14,4,14
577,3,24,53,17,8,21
577,4,-9,67,8,8,14
577,5,30,34,26,9,18
578,1,17,62,5,2,22
578,2,24,7,28,1,17
578,3,-10,37,24,10,18
578,4,13,7,19,5,23
578,5,36,91,19,6,18
579,1,24,48,22,6,22
579,2,21,18,30,5,1
579,3,40,83,14,5,3
579,4,8,6,10,2,19
579,5,30,60,25,7,12
580,1,21,15,7,10,2
580,2,25,31,15,3,22
580,3,20,58,13,1,24
580,4,-8,73,14,3,14
580,5,35,61,19,2,14
581,1,-4,19,17,1,0
581,2,-5,0,5,1,5
581,3,39,92,12,3,3
581,4,12,17,6,7,10
581,5,17,26,1,2,2
582,1,28,79,27,9,6
582,2,15,49,15,9,18
582,3,1,32,20,7,17
582,4,37,44,23,5,1
582,5,-10,59,5,0,3
583,1,-1,1,12,2,18
583,2,35,41,24,2,7
583,3,24,35,0,7,9
583,4,25,93,0,9,23
583,5,-6,94,18,3,1
584,1,8,0,22,0,7
584,2,37,83,18,1,1
584,3,33,69,4,10,7
584,4,38,77,1,5,13
584,5,35,87,11,5,15
585,1,-1,98,2,5,5
585,2,13,93,17,3,20
585,3,4,72,15,4,10
585,4,16,22,30,1,16
585,5,14,60,0,8,9
586,1,2,76,24,6,24
586,2,1,0,21,6,1
586,3,-1,70,16,1,0
586,4,10,68,9,0,22
586,5,1,51,30,9,8
587,1,-7,70,3,4,22
587,2,0,60,26,6,18
587,3,-7,31,9,9,5
587,4,11,62,21,9,10
587,5,-5,64,28,4,7
588,1,-10,52,11,5,24
588,2,19,48,17,6,22
588,3,-2,61,0,9,13
588,4,13,76,6,8,16
588,5,3,17,17,10,10
589,1,7,39,25,1,6
589,2,39,9,29,0,7
589,3,9,54,0,10,22
589,4,-5,23,28,4,6
589,5,11,89,5,8,17
590,1,-3,49,17,0,15
590,2,-3,1,27,4,6
590,3,25,60,29,1,21
590,4,-10,51,25,1,16
590,5,-9,29,14,2,0
591,1,19,24,5,4,8
591,2,12,52,28,6,19
591,3,28,2,5,5,8
591,4,30,88,1,0,17
591,5,2,25,22,1,13
592,1,24,13,13,0,12
592,2,-4,13,5,9,5
592,3,19,100,13,1,9
592,4,16,33,15,3,21
592,5,-9,86,6,3,22
593,1,8,30,8,2,19
593,2,25,62,27,9,18
593,3,9,72,19,3,2
593,4,-3,4,5,9,10
593,5,9,100,30,10,0
594,1,13,67,21,1,17
594,2,35,44,6,2,8
594,3,-10,9,5,0,4
594,4,14,33,21,6,1
594,5,2,22,2,7,10
595,1,31,82,20,3,11
595,2,24,45,20,5,24
595,3,9,81,27,10,20
595,4,13,19,20,7,13
595,5,-4,18,29,0,4
596,1,35,55,20,7,14
596,2,1,65,20,3,14
596,3,23,51,30,7,10
596,4,24,93,28,7,20
596,5,29,12,26,6,17
597,1,9,29,29,10,13
597,2,31,52,18,9,17
597,3,26,30,29,0,23
597,4,14,44,24,9,1
597,5,21,63,7,3,21
598,1,2,36,17,6,23
598,2,27,30,12,9,24
598,3,8,11,3,10,0
598,4,16,27,8,3,0
598,5,12,70,15,0,24
599,1,24,55,29,0,16
599,2,0,38,16,0,21
599,3,32,100,21,9,17
599,4,-5,27,24,7,18
599,5,9,78,7,9,0
600,1,-5,73,3,2,1
600,2,39,80,20,0,3
600,3,-5,87,16,0,11
600,4,2,50,2,0,6
600,5,19,26,25,4,15
601,1,31,98,24,1,16
601,2,4,56,7,9,9
601,3,22,15,21,4,24
601,4,12,60,16,8,24
601,5,7,69,2,5,1
602,1,30,37,27,9,14
602,2,-10,42,10,10,11
602,3,11,87,8,8,4
602,4,27,2,17,9,14
602,5,4,29,13,2,12
603,1,-4,20,12,5,17
603,2,15,46,9,0,1
603,3,23,65,11,4,0
603,4,15,30,28,4,7
603,5,-5,62,1,4,9
604,1,25,70,20,0,12
604,2,27,0,16,9,20
604,3,21,76,24,7,24
604,4,20,10,28,5,3
604,5,21,64,16,8,12
605,1,38,23,30,3,14
605,2,17,21,7,7,6
605,3,20,46,8,9,5
605,4,33,84,15,5,3
605,5,15,55,30,9,8
606,1,2,0,6,6,4
606,2,25,22,27,3,14
606,3,10,36,17,10,24
606,4,-4,42,0,0,13
606,5,24,85,24,0,10
607,1,-7,35,26,0,22
607,2,2,34,7,7,10
607,3,21,43,17,8,10
607,4,9,28,6,5,18
607,5,3,32,7,1,19
608,1,7,60,10,1,16
608,2,33,46,3,9,21
608,3,12,75,7,6,8
608,4,1,30,2,9,7
608,5,38,35,8,4,6
609,1,23,63,22,5,6
609,2,25,18,27,1,11
609,3,-5,95,22,3,7
609,4,16,89,1,3,21
609,5,10,48,26,0,8
610,1,6,2,13,2,7
610,2,15,17,26,9,14
610,3,8,23,5,9,23
610,4,33,26,16,10,1
610,5,36,64,20,8,10
611,1,11,92,26,4,22
611,2,37,21,24,4,8
611,3,-8,39,12,4,5
611,4,-1,34,24,8,20
611,5,0,71,24,4,21
612,1,9,67,10,6,6
612,2,2,84,13,5,19
612,3,11,1,2,8,7
612,4,16,61,5,7,14
612,5,8,32,9,7,6
613,1,36,96,14,1,22
613,2,38,47,5,0,9
613,3,6,88,26,6,4
613,4,5,35,21,10,17
613,5,18,0,14,9,17
614,1,9,81,1,0,24
614,2,19,98,3,2,13
614,3,-7,87,15,2,19
614,4,38,71,12,3,6
614,5,23,39,12,9,9
615,1,25,48,2,7,22
615,2,9,29,29,1,13
615,3,29,39,30,0,19
615,4,33,42,20,0,20
615,5,22,93,30,7,13
616,1,39,75,27,7,1
616,2,-5,70,20,8,17
616,3,28,10,28,10,3
616,4,-9,47,12,6,13
616,5,-5,9,11,5,11
617,1,-10,78,8,4,18
617,2,8,18,26,6,13
617,3,24,38,25,4,13
617,4,27,44,21,1,12
617,5,21,68,17,5,17
618,1,22,61,22,4,0
618,2,-4,32,29,8,10
618,3,-4,36,14,8,6
618,4,-8,27,25,3,20
618,5,-10,2,7,8,14
619,1,26,24,10,7,16
619,2,12,92,23,1,7
619,3,9,8,6,3,16
619,4,23,73,11,6,23
619,5,7,24,29,7,10
620,1,0,31,13,2,23
620,2,3,5,7,4,8
620,3,25,10,16,3,21
620,4,10,100,5,8,8
620,5,13,29,11,9,23
621,1,1,39,24,9,11
621,2,33,96,14,0,3
621,3,-2,17,13,2,13
621,4,22,85,30,0,24
621,5,12,97,1,9,24
622,1,11,55,8,5,18
622,2,36,61,26,2,16
622,3,21,12,5,5,10
622,4,-5,19,2,8,23
622,5,2,39,22,4,23
623,1,6,49,16,10,24
623,2,16,94,18,0,5
623,3,-1,91,4,5,8
623,4,-4,15,26,3,16
623,5,-5,6,21,9,7
624,1,3,59,5,3,22
624,2,9,70,1,0,1
624,3,23,65,29,9,20
624,4,-2,83,13,5,1
624,5,39,37,16,8,24
625,1,23,96,2,2,17
625,2,-8,18,20,8,14
625,3,31,96,6,4,8
625,4,27,70,20,3,19
625,5,7,44,10,7,23
626,1,2,19,24,6,19
626,2,19,28,17,6,22
626,3,22,97,8,4,15
626,4,36,9,18,7,2
626,5,23,10,9,5,23
627,1,36,23,13,2,24
627,2,24,76,6,4,10
627,3,39,70,9,10,23
627,4,32,98,21,1,0
627,5,3,93,16,6,17
628,1,33,89,2,5,23
628,2,36,35,6,0,24
628,3,22,44,10,5,0
628,4,0,76,6,5,23
628,5,25,41,26,2,17
629,1,10,21,10,5,15
629,2,14,94,17,10,4
629,3,-9,11,0,3,12
629,4,24,6,12,4,17
629,5,28,90,24,3,17
630,1,39,90,21,7,15
630,2,12,67,28,10,0
630,3,27,71,6,10,18
630,4,32,83,20,3,8
630,5,-7,70,13,9,19
631,1,39,72,25,5,15
631,2,-3,55,8,3,19
631,3,37,60,14,4,16
631,4,15,94,6,1,16
631,5,11,51,2,6,5
632,1,-6,43,6,5,17
632,2,3,51,17,5,22
632,3,-8,78,23,2,0
632,4,24,24,29,8,17
632,5,22,1,6,5,18
633,1,-7,59,4,9,15
633,2,24,10,5,7,7
633,3,23,72,26,3,24
633,4,31,54,1,0,4
633,5,40,90,28,6,7
634,1,-7,60,21,0,5
634,2,36,22,11,0,23
634,3,-1,62,24,0,5
634,4,27,10,16,6,4
634,5,-4,15,13,9,20
635,1,27,12,15,7,5
635,2,28,76,25,2,15
635,3,-10,71,21,3,3
635,4,19,53,3,6,14
635,5,29,45,25,6,7
636,1,22,25,16,7,5
636,2,3,86,2,5,20
636,3,-7,40,18,8,9
636,4,11,73,12,9,10
636,5,38,90,24,1,2
637,1,39,61,29,6,7
637,2,2,37,16,4,18
637,3,18,4,1,0,3
637,4,38,37,28,2,19
637,5,24,31,29,2,17
638,1,40,3,2,9,14
638,2,28,49,20,7,19
638,3,37,65,20,5,17
638,4,-9,75,9,0,14
638,5,36,60,14,0,8
639,1,4,32,30,9,16
639,2,-10,27,23,10,15
639,3,33,12,3,1,3
639,4,16,17,12,2,18
639,5,25,10,18,8,10
640,1,4,64,10,3,1
640,2,9,14,16,2,8
640,3,25,11,0,9,18
640,4,34,41,6,2,6
640,5,-4,79,23,1,24
641,1,16,87,6,0,23
641,2,25,28,15,7,15
641,3,28,8,6,0,11
641,4,19,33,8,7,5
641,5,31,40,13,7,21
642,1,35,74,18,9,24
642,2,19,59,21,1,9
642,3,9,5,14,4,20
642,4,28,60,8,1,24
642,5,36,60,27,8,3
643,1,13,87,17,8,16
643,2,-8,31,16,4,20
643,3,16,49,30,3,15
643,4,2,37,7,7,23
643,5,29,35,26,2,16
644,1,-5,22,5,0,13
644,2,9,34,11,9,6
644,3,13,37,16,1,0
644,4,-1,37,5,6,24
644,5,18,35,8,3,10
645,1,18,67,20,8,24
645,2,1,8,27,10,2
645,3,-4,5,20,4,11
645,4,-3,73,17,6,9
645,5,36,81,16,6,9
646,1,38,88,3,9,7
646,2,32,93,5,10,5
646,3,34,10,20,8,6
646,4,12,28,5,10,15
646,5,-2,68,18,8,23
647,1,27,17,25,7,11
647,2,24,68,21,6,14
647,3,14,0,10,9,21
647,4,34,41,3,10,5
647,5,-10,66,21,6,10
648,1,10,30,17,9,12
648,2,-1,22,22,7,16
648,3,31,9,15,0,10
648,4,19,40,22,4,22
648,5,17,6,5,6,14
649,1,17,96,22,2,14
649,2,37,53,2,7,8
649,3,5,21,25,8,11
649,4,15,64,7,6,1
649,5,1,70,22,6,19
650,1,38,99,26,9,21
650,2,11,66,19,0,8
650,3,38,57,11,9,19
650,4,17,10,23,3,8
650,5,39,49,3,7,20
651,1,4,11,6,10,19
651,2,37,83,30,10,9
651,3,37,32,22,5,6
651,4,29,38,17,10,19
651,5,17,21,24,6,8
652,1,38,2,1,10,24
652,2,10,25,8,0,0
652,3,9,49,15,7,13
652,4,14,55,19,1,0
652,5,16,47,20,1,2
653,1,16,75,3,5,22
653,2,-5,96,2,9,21
653,3,28,90,29,4,9
653,4,-6,43,25,5,2
653,5,10,16,10,7,4
654,1,14,81,5,10,4
654,2,-6,18,13,6,11
654,3,2,9,28,9,5
654,4,3,44,12,8,16
654,5,34,23,8,5,0
655,1,5,93,27,4,14
655,2,24,69,0,9,22
655,3,40,3,6,7,17
655,4,37,13,5,6,2
655,5,2,97,29,9,19
656,1,-6,28,1,1,1
656,2,38,68,18,1,18
656,3,4,9,18,5,20
656,4,38,77,7,4,21
656,5,36,27,5,5,21
657,1,-10,67,16,7,23
657,2,23,36,0,9,20
657,3,-6,54,28,6,11
657,4,30,65,25,7,15
657,5,-7,94,30,3,13
658,1,28,38,16,7,0
658,2,7,17,17,5,11
658,3,29,100,14,5,15
658,4,27,43,14,6,0
658,5,39,56,28,6,4
659,1,39,99,9,10,17
659,2,4,13,11,7,8
659,3,28,78,29,7,3
659,4,40,74,30,4,15
659,5,-10,26,3,2,2
660,1,39,6,1,0,21
660,2,19,73,25,5,0
660,3,5,76,15,8,23
660,4,10,0,19,4,1
660,5,0,50,11,5,3
661,1,1,91,27,10,8
661,2,14,93,28,1,10
661,3,27,3,5,7,17
661,4,40,9,6,1,12
661,5,1,41,26,0,14
662,1,9,66,29,4,1
662,2,14,20,9,4,0
662,3,32,52,4,0,18
662,4,-1,36,27,4,0
662,5,-3,38,11,6,8
663,1,17,37,13,4,3
663,2,19,21,26,5,17
663,3,-8,15,8,2,3
663,4,38,48,29,10,16
663,5,22,66,26,8,24
664,1,-6,11,28,3,19
664,2,4,86,22,3,10
664,3,3,43,26,3,10
664,4,21,96,24,2,21
664,5,19,44,12,10,21
665,1,22,1,29,7,5
665,2,2,39,11,1,3
665,3,32,81,23,0,0
665,4,15,87,1,1,17
665,5,-3,90,16,2,11
666,1,31,21,26,10,11
666,2,27,20,16,4,3
666,3,40,36,0,8,7
666,4,29,4,8,1,10
666,5,18,22,19,2,18
667,1,17,37,14,2,11
667,2,-8,99,28,0,3
667,3,32,91,9,0,6
667,4,10,4,25,4,21
667,5,15,98,25,9,16
668,1,23,32,12,5,12
668,2,37,31,25,3,8
668,3,-8,65,19,5,24
668,4,9,12,14,5,7
668,5,30,61,21,5,8
669,1,21,18,18,4,3
669,2,22,74,4,5,22
669,3,31,23,27,1,16
669,4,37,38,15,0,7
669,5,8,67,6,8,12
670,1,-4,28,12,2,11
670,2,15,12,22,4,7
670,3,8,86,10,2,8
670,4,35,13,0,9,0
670,5,20,83,12,4,24
671,1,33,37,27,6,17
671,2,3,55,18,6,18
671,3,28,97,23,2,7
671,4,36,34,17,4,12
671,5,21,49,10,4,21
672,1,8,46,27,10,13
672,2,-4,36,8,5,12
672,3,4,27,10,0,2
672,4,5,93,11,0,14
672,5,-6,6,9,7,2
673,1,23,45,20,9,9
673,2,23,51,23,9,5
673,3,33,74,28,9,1
673,4,-9,84,22,6,4
673,5,28,29,7,5,10
674,1,25,85,9,2,13
674,2,16,32,8,10,19
674,3,39,32,14,8,12
674,4,3,63,2,10,2
674,5,-7,82,25,3,24
675,1,-8,36,1,2,15
675,2,10,12,19,5,19
675,3,14,41,15,2,17
675,4,22,30,4,10,20
675,5,39,70,20,10,16
676,1,26,26,9,4,14
676,2,-8,99,1,8,10
676,3,0,57,1,2,15
676,4,40,69,23,9,21
676,5,38,48,17,0,12
677,1,31,65,21,3,15
677,2,31,93,8,6,4
677,3,1,63,8,7,3
677,4,28,82,19,7,22
677,5,8,59,9,9,3
678,1,11,97,1,5,12
678,2,-4,84,12,2,23
678,3,16,61,1,9,12
678,4,27,60,6,10,16
678,5,20,9,28,1,13
679,1,32,72,5,4,13
679,2,-1,0,24,0,3
679,3,-1,69,25,4,1
679,4,12,4,1,8,14
679,5,6,54,12,4,1
680,1,0,52,11,5,7
680,2,6,20,20,1,22
680,3,19,43,24,1,18
680,4,-2,67,17,1,24
680,5,3,15,13,9,8
681,1,40,52,9,1,22
681,2,0,26,16,6,4
681,3,36,71,28,9,19
681,4,12,30,18,8,7
681,5,11,27,3,3,1
682,1,6,98,5,10,14
682,2,11,65,1,1,20
682,3,-3,51,10,6,21
682,4,0,99,5,8,1
682,5,32,30,6,5,24
683,1,2,84,23,0,18
683,2,6,40,13,8,12
683,3,24,84,0,4,24
683,4,0,32,9,4,22
683,5,9,10,0,6,3
684,1,1,93,2,1,5
684,2,31,86,5,9,5
684,3,-2,29,26,1,14
684,4,32,28,17,8,24
684,5,9,91,7,4,19
685,1,2,21,10,4,24
685,2,6,75,21,7,8
685,3,2,67,24,1,2
685,4,9,76,30,7,12
685,5,12,68,19,2,22
686,1,4,45,5,4,23
686,2,-2,50,25,2,23
686,3,31,31,22,3,4
686,4,7,44,30,3,4
686,5,20,87,16,0,8
687,1,3,8,11,9,23
687,2,15,76,16,9,24
687,3,26,10,2,0,23
687,4,3,35,30,0,1
687,5,12,14,15,7,15
688,1,36,67,23,9,8
688,2,11,19,21,1,15
688,3,35,4,23,10,18
688,4,37,12,18,2,20
688,5,17,0,23,0,10
689,1,18,76,25,2,20
689,2,-5,89,22,2,6
689,3,38,71,17,0,5
689,4,6,75,12,2,2
689,5,21,39,17,5,7
690,1,-6,33,20,3,14
690,2,31,9,25,4,17
690,3,-2,3,6,4,14
690,4,1,83,4,9,8
690,5,-5,43,1,1,23
691,1,-3,31,26,2,7
691,2,28,9,8,4,4
691,3,33,31,30,6,0
691,4,-10,4,1,8,13
691,5,12,67,27,8,24
692,1,7,53,21,10,6
692,2,-9,51,19,1,14
692,3,10,11,13,6,3
692,4,15,64,20,1,10
692,5,3,35,13,5,1
693,1,-7,40,14,6,19
693,2,24,73,8,5,0
693,3,-6,95,25,3,15
693,4,33,93,10,1,1
693,5,34,69,15,5,3
694,1,4,41,21,0,16
694,2,12,45,23,5,17
694,3,-4,29,24,9,5
694,4,10,70,13,5,10
694,5,7,21,13,10,8
695,1,20,26,0,7,20
695,2,9,87,26,7,7
695,3,-3,85,7,7,18
695,4,17,84,28,10,11
695,5,0,53,2,0,16
696,1,36,48,17,1,13
696,2,40,70,7,0,9
696,3,-1,36,1,0,10
696,4,29,28,15,9,20
696,5,31,90,15,1,20
697,1,17,47,28,3,16
697,2,30,16,11,8,6
697,3,25,44,13,8,19
697,4,32,31,14,0,8
697,5,33,9,17,6,2
698,1,23,41,29,9,9
698,2,9,79,16,8,15
698,3,-4,5,28,3,24
698,4,-2,12,1,6,6
698,5,16,48,21,7,17
699,1,7,61,0,7,18
699,2,17,5,4,2,5
699,3,40,13,28,7,15
699,4,6,66,27,4,8
699,5,12,0,2,0,1
700,1,31,94,15,5,7
700,2,9,83,25,2,15
700,3,4,83,1,5,9
700,4,10,45,28,2,14
700,5,2,81,22,7,5
701,1,32,31,9,3,22
701,2,5,77,29,4,23
701,3,35,11,12,4,16
701,4,12,7,13,2,21
701,5,5,25,13,3,6
702,1,-10,31,21,1,21
702,2,21,65,9,7,0
702,3,6,17,3,5,20
702,4,40,20,5,3,18
702,5,7,61,6,9,21
703,1,4,28,2,6,8
703,2,-7,13,23,6,21
703,3,32,61,19,0,14
703,4,0,94,24,9,22
703,5,8,71,14,4,11
704,1,-7,79,28,8,3
704,2,4,99,3,2,7
704,3,35,13,26,0,15
704,4,38,2,0,3,11
704,5,-1,82,22,4,22
705,1,0,84,20,7,1
705,2,26,26,8,4,2
705,3,9,56,24,1,18
705,4,22,77,2,3,21
705,5,29,29,0,7,4
706,1,9,38,16,10,5
706,2,13,15,14,5,18
706,3,3,8,7,9,15
706,4,37,93,30,1,16
706,5,11,88,30,7,20
707,1,23,73,19,8,3
707,2,1,98,27,4,5
707,3,12,70,2,10,10
707,4,21,9,6,9,19
707,5,32,97,11,0,21
708,1,1,36,2,2,13
708,2,32,13,18,3,1
708,3,35,87,4,3,10
708,4,23,81,4,9,0
708,5,26,48,19,1,22
709,1,-3,57,5,3,12
709,2,0,75,16,4,21
709,3,-5,93,12,6,14
709,4,20,81,29,10,7
709,5,-5,92,9,6,2
710,1,9,6,14,8,7
710,2,36,82,19,0,12
710,3,22,33,22,1,11
710,4,11,53,22,4,1
710,5,2,25,11,6,21
711,1,-8,88,20,4,22
711,2,31,84,20,4,6
711,3,40,95,26,6,22
711,4,33,17,0,10,10
711,5,22,20,2,2,10
712,1,20,4,18,3,6
712,2,37,10,18,9,3
712,3,0,70,27,0,11
712,4,28,26,3,4,24
712,5,4,36,22,9,10
713,1,-1,0,24,8,15
713,2,21,40,21,1,18
713,3,20,5,2,2,24
713,4,35,24,15,10,10
713,5,19,44,25,10,17
714,1,6,78,1,4,2
714,2,24,95,2,7,17
714,3,12,88,17,1,12
714,4,23,97,26,1,11
714,5,16,22,16,3,1
715,1,39,44,10,6,10
715,2,-2,35,4,0,5
715,3,-1,88,15,4,13
715,4,22,82,11,1,24
715,5,15,11,1,6,17
716,1,25,72,29,2,21
716,2,38,55,14,6,19
716,3,17,91,10,3,17
716,4,29,28,13,1,5
716,5,9,80,0,9,14
717,1,16,30,9,1,3
717,2,30,51,24,7,7
717,3,-5,17,12,7,9
717,4,3,27,30,5,5
717,5,22,38,26,4,23
718,1,36,53,11,7,14
718,2,28,66,5,8,2
718,3,15,0,26,2,6
718,4,6,49,6,2,8
718,5,9,15,13,9,4
719,1,31,84,11,4,5
719,2,7,69,15,0,15
719,3,-6,32,6,3,15
719,4,26,50,26,1,17
719,5,36,41,28,8,9
720,1,17,60,22,9,0
720,2,36,55,5,10,7
720,3,35,33,12,6,8
720,4,18,95,14,10,14
720,5,-9,18,30,0,9
721,1,18,95,28,3,0
721,2,-8,13,28,1,6
721,3,12,17,26,3,16
721,4,-3,51,28,8,16
721,5,28,57,7,0,13
722,1,26,85,30,6,2
722,2,10,94,0,7,10
722,3,1,52,24,6,24
722,4,2,84,5,9,3
722,5,25,10,4,10,11
723,1,-4,42,27,5,9
723,2,16,13,11,6,16
723,3,18,21,6,0,18
723,4,2,68,6,8,23
723,5,1,16,5,3,21
724,1,5,68,10,1,2
724,2,23,23,9,4,2
724,3,-10,57,15,7,3
724,4,31,85,28,4,0
724,5,17,34,24,3,15
725,1,11,73,2,6,14
725,2,12,67,20,7,2
725,3,33,67,16,7,24
725,4,28,8,20,8,4
725,5,1,80,20,3,6
726,1,4,68,11,10,6
726,2,18,34,1,8,14
726,3,21,16,29,0,23
726,4,28,94,0,1,22
726,5,20,18,5,0,8
727,1,30,65,20,2,24
727,2,15,99,29,6,5
727,3,22,49,28,6,21
727,4,33,83,14,3,18
727,5,31,26,4,9,13
728,1,-1,34,12,1,18
728,2,10,20,26,3,5
728,3,40,60,28,10,17
728,4,-3,74,4,8,12
728,5,28,37,19,2,22
729,1,-2,93,29,3,19
729,2,38,51,27,3,10
729,3,-10,89,25,8,21
729,4,24,85,5,9,4
729,5,17,3,2,1,4
730,1,4,86,25,3,6
730,2,18,7,22,3,10
730,3,11,61,8,5,19
730,4,39,12,30,6,19
730,5,37,51,23,5,12
